﻿<?xml version="1.0" encoding="utf-8"?><FlightplanConfiguration version="2.0"><Flightplan fs="FS9"><Airline>Andes Lineas Aereas</Airline><FP-Type>COMMERCIAL</FP-Type><Logo>https://dcfo38husa367.cloudfront.net/Resources/Logos/AirlineLogos/ANS_AndesLineasAereas_Logo.png</Logo><Season>Summer 2023</Season><Developer>AIG</Developer><Developer-Logo>https://dcfo38husa367.cloudfront.net/Resources/Logos/AIGlogos/AIG_AIGLogo_Summer2023.png</Developer-Logo><ATC_Airline>AEROANDES</ATC_Airline><ICAO>ANS</ICAO><IATA>O4</IATA><Author>Carlos Augusto Narvaez Diaz</Author><Country>Argentina</Country><AIGFPOnly>False</AIGFPOnly></Flightplan><AircraftSets><AircraftSet title="Andes Lineas Aereas Boeing 737-800WL" force-update="False" force-update-seasonchange="False"><AircraftDataSet model="73H-FAIB-winglets" switchwords="" installTarget="1"><URL>https://library.avsim.net/sendfile.php?Location=AVSIM&amp;Proto=ftp&amp;DLID=228389</URL><Filename>ans_lvkfw.zip</Filename><Host>AVSIM</Host><Fltsim_File>README.txt</Fltsim_File><Fltsim_Title>FAIB 737-800WL ANDES LV-KFW</Fltsim_Title><Fltsim-Entries /><OCI><Files></Files></OCI></AircraftDataSet><Seek><ATC_AIRLINE>AEROANDES</ATC_AIRLINE><TITLE>*Andes Lineas Aereas*</TITLE></Seek></AircraftSet></AircraftSets><Groups><Group id="100" name="73H- AC#100">LV-HKS,LV-KFW</Group></Groups></FlightplanConfiguration>