﻿<?xml version="1.0" encoding="utf-8"?><FlightplanConfiguration version="2.0"><Flightplan fs="FSX"><Airline>Air Canada Express</Airline><FP-Type>COMMERCIAL</FP-Type><Logo>http://www.alpha-india.net/aigfiles/files/Resources/Logos/AirlineLogos/ACAX_AirCanadaExpress_Logo.png</Logo><Season>Winter 2019-2020</Season><Developer>AIG</Developer><Developer-Logo>http://www.alpha-india.net/aigfiles/files/Resources/Logos/AIGlogos/AIG_AIGLogo_Winter2019-2020.png</Developer-Logo><ATC_Airline>VARIOUS</ATC_Airline><ICAO>ACAX</ICAO><IATA>AC</IATA><Author>Wolfgang Maier</Author><Country>Canada</Country><AIGFPOnly>False</AIGFPOnly></Flightplan><AircraftSets><AircraftSet title="Air Canada Express Embraer EMB-175 - opb Sky Regional" force-update="True" force-update-seasonchange="False"><AircraftDataSet model="E75-FSP-A" switchwords="" installTarget="2"><URL>https://atcorepaints.files.wordpress.com/2021/04/fsp_e75s_skv.zip</URL><Filename>fsp_e75s_skv.zip</Filename><Host>ATCO</Host><Fltsim_File>Readme and Fltsim.txt</Fltsim_File><Fltsim_Title>FSP Embraer E175 Air Canada Express - opb SkyRegional C-FRQN</Fltsim_Title><Fltsim-Entries><ATC_AIRLINE>MAPLE</ATC_AIRLINE><ATC_PARKING_CODES>ACAX, SKV</ATC_PARKING_CODES></Fltsim-Entries><OCI><Files></Files></OCI></AircraftDataSet><AircraftDataSet model="E75-RFSL-OWv3" switchwords="" installTarget="1"><URL>https://atcorepaints.files.wordpress.com/2020/04/rfsl_e175_skv_rev3.zip</URL><Filename>rfsl_e175_skv_rev3.zip</Filename><Host>ATCO</Host><Fltsim_File>Readme and Fltsim.txt</Fltsim_File><Fltsim_Title>RAI Embraer E175 OW Air Canada Express - opb Sky Regional</Fltsim_Title><Fltsim-Entries><ATC_AIRLINE>MAPLE</ATC_AIRLINE><ATC_PARKING_CODES>ACAX, SKV</ATC_PARKING_CODES><ATC_AIRLINE>MAPLE</ATC_AIRLINE><ATC_PARKING_CODES>ACAX, SKV</ATC_PARKING_CODES></Fltsim-Entries><OCI><Files></Files></OCI></AircraftDataSet><Seek><ATC_AIRLINE>VARIOUS</ATC_AIRLINE><TITLE>*Air Canada Express*</TITLE></Seek></AircraftSet><AircraftSet title="Air Canada Express Embraer EMB-175 - OC opb Sky Regional" force-update="True" force-update-seasonchange="False"><AircraftDataSet model="E75-FSP-A" switchwords="" installTarget="2"><URL>https://atcorepaints.files.wordpress.com/2021/04/fsp_e75s_skv.zip</URL><Filename>fsp_e75s_skv.zip</Filename><Host>ATCO</Host><Fltsim_File>Readme and Fltsim.txt</Fltsim_File><Fltsim_Title>FSP Embraer E175 Air Canada Express - opb SkyRegional OC C-FXJF</Fltsim_Title><Fltsim-Entries><ATC_AIRLINE>MAPLE</ATC_AIRLINE><ATC_PARKING_CODES>ACAX, SKV</ATC_PARKING_CODES></Fltsim-Entries><OCI><Files></Files></OCI></AircraftDataSet><AircraftDataSet model="E75-RFSL-OWv3" switchwords="" installTarget="1"><URL>https://atcorepaints.files.wordpress.com/2020/04/rfsl_e175_skv_rev3.zip</URL><Filename>rfsl_e175_skv_rev3.zip</Filename><Host>ATCO</Host><Fltsim_File>Readme and Fltsim.txt</Fltsim_File><Fltsim_Title>RAI Embraer E175 OW Air Canada Express - opb Sky Regional OC</Fltsim_Title><Fltsim-Entries><ATC_AIRLINE>MAPLE</ATC_AIRLINE><ATC_PARKING_CODES>ACAX, SKV</ATC_PARKING_CODES><ATC_AIRLINE>MAPLE</ATC_AIRLINE><ATC_PARKING_CODES>ACAX, SKV</ATC_PARKING_CODES></Fltsim-Entries><OCI><Files></Files></OCI></AircraftDataSet><Seek><ATC_AIRLINE>VARIOUS</ATC_AIRLINE><TITLE>*Air Canada Express*</TITLE></Seek></AircraftSet><AircraftSet title="Air Canada Express Bombardier CRJ-900 - opb Jazz" force-update="False" force-update-seasonchange="False"><AircraftDataSet model="CR9-RFSL-NWC" switchwords="" installTarget="1"><URL>https://atcorepaints.files.wordpress.com/2019/03/rai_crj9_jza_2019.zip</URL><Filename>rai_crj9_jza_2019.zip</Filename><Host>ATCO</Host><Fltsim_File>Readme and Fltsim.txt</Fltsim_File><Fltsim_Title>RAI Bombardier CRJ-900 Air Canada Express - opb Jazz NC 2017</Fltsim_Title><Fltsim-Entries><ATC_AIRLINE>JAZZ</ATC_AIRLINE><ATC_PARKING_CODES>ACAX, JZA</ATC_PARKING_CODES></Fltsim-Entries><OCI><Files></Files></OCI></AircraftDataSet><Seek><ATC_AIRLINE>VARIOUS</ATC_AIRLINE><TITLE>*Air Canada Express*</TITLE></Seek></AircraftSet><AircraftSet title="Air Canada Express Bombardier CRJ-900 - OC opb Jazz" force-update="False" force-update-seasonchange="False"><AircraftDataSet model="CR9-RFSL-NWC" switchwords="" installTarget="1"><URL>https://atcorepaints.files.wordpress.com/2019/03/rai_crj9_jza_2019.zip</URL><Filename>rai_crj9_jza_2019.zip</Filename><Host>ATCO</Host><Fltsim_File>Readme and Fltsim.txt</Fltsim_File><Fltsim_Title>RAI Bombardier CRJ-900 Air Canada Express - opb Jazz OC</Fltsim_Title><Fltsim-Entries><ATC_AIRLINE>JAZZ</ATC_AIRLINE><ATC_PARKING_CODES>ACAX, JZA</ATC_PARKING_CODES></Fltsim-Entries><OCI><Files></Files></OCI></AircraftDataSet><Seek><ATC_AIRLINE>VARIOUS</ATC_AIRLINE><TITLE>*Air Canada Express*</TITLE></Seek></AircraftSet><AircraftSet title="Air Canada Express Bombardier CRJ-900 - NextGen No Chevron opb Jazz" force-update="False" force-update-seasonchange="False"><AircraftDataSet model="CR9-RFSL-NWNG" switchwords="" installTarget="1"><URL>https://atcorepaints.files.wordpress.com/2019/03/rai_crj9_jza_2019.zip</URL><Filename>rai_crj9_jza_2019.zip</Filename><Host>ATCO</Host><Fltsim_File>Readme and Fltsim.txt</Fltsim_File><Fltsim_Title>RAI Bombardier CRJ-900 NG Air Canada Express - opb Jazz NC 2017</Fltsim_Title><Fltsim-Entries><ATC_AIRLINE>JAZZ</ATC_AIRLINE><ATC_PARKING_CODES>ACAX, JZA</ATC_PARKING_CODES></Fltsim-Entries><OCI><Files></Files></OCI></AircraftDataSet><Seek><ATC_AIRLINE>VARIOUS</ATC_AIRLINE><TITLE>*Air Canada Express*</TITLE></Seek></AircraftSet><AircraftSet title="Air Canada Express Bombardier CRJ-900 - NextGen No Chevron old express titles opb Jazz" force-update="False" force-update-seasonchange="False"><AircraftDataSet model="CR9-RFSL-NWNG" switchwords="" installTarget="1"><URL>https://atcorepaints.files.wordpress.com/2019/03/rai_crj9_jza_2019.zip</URL><Filename>rai_crj9_jza_2019.zip</Filename><Host>ATCO</Host><Fltsim_File>Readme and Fltsim.txt</Fltsim_File><Fltsim_Title>RAI Bombardier CRJ-900 NG Air Canada Express - opb Jazz NC 2017 small express</Fltsim_Title><Fltsim-Entries><ATC_AIRLINE>JAZZ</ATC_AIRLINE><ATC_PARKING_CODES>ACAX, JZA</ATC_PARKING_CODES></Fltsim-Entries><OCI><Files></Files></OCI></AircraftDataSet><Seek><ATC_AIRLINE>VARIOUS</ATC_AIRLINE><TITLE>*Air Canada Express*</TITLE></Seek></AircraftSet><AircraftSet title="Air Canada Express Bombardier CRJ-200 - opb Jazz" force-update="False" force-update-seasonchange="True"><AircraftDataSet model="CR2-RFSL" switchwords="" installTarget="1"><URL>https://atcorepaints.files.wordpress.com/2019/12/rai_crj_acax_fleet.zip</URL><Filename>rai_crj_acax_fleet.zip</Filename><Host>ATCO</Host><Fltsim_File>Readme and Fltsim.txt</Fltsim_File><Fltsim_Title>RAI Bombardier CRJ-200 Air Canada Express - opb Jazz</Fltsim_Title><Fltsim-Entries><ATC_AIRLINE>JAZZ</ATC_AIRLINE><ATC_PARKING_CODES>ACAX, JZA</ATC_PARKING_CODES></Fltsim-Entries><OCI><Files></Files></OCI></AircraftDataSet><Seek><ATC_AIRLINE>VARIOUS</ATC_AIRLINE><TITLE>*Air Canada Express*</TITLE></Seek></AircraftSet><AircraftSet title="Air Canada Express Bombardier CRJ-200 - OC opb Jazz" force-update="False" force-update-seasonchange="True"><AircraftDataSet model="CR2-RFSL" switchwords="" installTarget="1"><URL>https://atcorepaints.files.wordpress.com/2019/12/rai_crj_acax_fleet.zip</URL><Filename>rai_crj_acax_fleet.zip</Filename><Host>ATCO</Host><Fltsim_File>Readme and Fltsim.txt</Fltsim_File><Fltsim_Title>RAI Bombardier CRJ-200 Air Canada Express - opb Jazz OC</Fltsim_Title><Fltsim-Entries><ATC_AIRLINE>JAZZ</ATC_AIRLINE><ATC_PARKING_CODES>ACAX, JZA</ATC_PARKING_CODES></Fltsim-Entries><OCI><Files></Files></OCI></AircraftDataSet><Seek><ATC_AIRLINE>VARIOUS</ATC_AIRLINE><TITLE>*Air Canada Express*</TITLE></Seek></AircraftSet><AircraftSet title="Air Canada Express Bombardier CRJ-100 - OC opb Air Georgian" force-update="False" force-update-seasonchange="True"><AircraftDataSet model="CR1-RFSL" switchwords="" installTarget="1"><URL>https://atcorepaints.files.wordpress.com/2019/12/rai_crj_acax_fleet.zip</URL><Filename>rai_crj_acax_fleet.zip</Filename><Host>ATCO</Host><Fltsim_File>Readme and Fltsim.txt</Fltsim_File><Fltsim_Title>RAI Bombardier CRJ-100 Air Canada Express - opb Air Georgian OC</Fltsim_Title><Fltsim-Entries><ATC_AIRLINE>GEORGIAN</ATC_AIRLINE><ATC_PARKING_CODES>ACAX, GGN, JZA</ATC_PARKING_CODES></Fltsim-Entries><OCI><Files></Files></OCI></AircraftDataSet><Seek><ATC_AIRLINE>VARIOUS</ATC_AIRLINE><TITLE>*Air Canada Express*</TITLE></Seek></AircraftSet><AircraftSet title="Air Canada Express Bombardier Dash 8-Q400 - opb Jazz" force-update="False" force-update-seasonchange="True"><AircraftDataSet temp="True" model="DH4-TFS" switchwords="" installTarget="1"><URL>https://atcorepaints.files.wordpress.com/2018/01/tfs_dh8d_jza_cggoy.zip</URL><Filename>tfs_dh8d_jza_cggoy.zip</Filename><Host>ATCO</Host><Fltsim_File>Readme and Fltsim.txt</Fltsim_File><Fltsim_Title>TFS Bombardier Dash 8-Q400 Air Canada Express - opb Jazz NC 2017</Fltsim_Title><Fltsim-Entries><ATC_AIRLINE>JAZZ</ATC_AIRLINE><ATC_PARKING_CODES>ACAX, JZA</ATC_PARKING_CODES></Fltsim-Entries><OCI><Files></Files></OCI></AircraftDataSet><Seek><ATC_AIRLINE>VARIOUS</ATC_AIRLINE><TITLE>*Air Canada Express*</TITLE></Seek></AircraftSet><AircraftSet title="Air Canada Express Bombardier Dash 8-Q400 - OC opb Jazz" force-update="False" force-update-seasonchange="True"><AircraftDataSet temp="True" model="DH4-TFS" switchwords="" installTarget="1"><URL>https://dfs2.flightsim.com/download.php?fn=aidh4acax_1.zip</URL><Filename>aidh4acax_1.zip</Filename><Host>FLTSIM</Host><Fltsim_File>[fltsim.x]_ACAX.txt</Fltsim_File><Fltsim_Title>TFS Dash8-400 Air Canada Express 'Jazz'</Fltsim_Title><Fltsim-Entries><ATC_AIRLINE>JAZZ</ATC_AIRLINE><ATC_PARKING_CODES>ACAX, JZA</ATC_PARKING_CODES></Fltsim-Entries><OCI><Files></Files></OCI></AircraftDataSet><Seek><ATC_AIRLINE>VARIOUS</ATC_AIRLINE><TITLE>*Air Canada Express*</TITLE></Seek></AircraftSet><AircraftSet title="Air Canada Express Bombardier Dash 8-300 - opb Jazz" force-update="True" force-update-seasonchange="False"><AircraftDataSet model="DH3-TFS-NL" switchwords="" installTarget="1"><URL>https://atcorepaints.files.wordpress.com/2021/04/tfs_dh8c_jza_hd.zip</URL><Filename>tfs_dh8c_jza_hd.zip</Filename><Host>ATCO</Host><Fltsim_File>Readme and Fltsim.txt</Fltsim_File><Fltsim_Title>TFS Bombardier Dash 8-300 Air Canada Express - opb Jazz</Fltsim_Title><Fltsim-Entries><ATC_AIRLINE>JAZZ</ATC_AIRLINE><ATC_PARKING_CODES>ACAX, JZA</ATC_PARKING_CODES><ATC_PARKING_TYPE>GATE,RAMP</ATC_PARKING_TYPE></Fltsim-Entries><OCI><Files></Files></OCI></AircraftDataSet><Seek><ATC_AIRLINE>VARIOUS</ATC_AIRLINE><TITLE>*Air Canada Express*</TITLE></Seek></AircraftSet><AircraftSet title="Air Canada Express Bombardier Dash 8-300 - OC opb Jazz" force-update="False" force-update-seasonchange="True"><AircraftDataSet temp="True" model="DH3-TFS-NL" switchwords="" installTarget="1"><URL>https://dfs2.flightsim.com/download.php?fn=aidh3acax.zip</URL><Filename>aidh3acax.zip</Filename><Host>FLTSIM</Host><Fltsim_File>[fltsim.x]_ACAX.txt</Fltsim_File><Fltsim_Title>TFS Dash 8-300 Air Canada Express</Fltsim_Title><Fltsim-Entries><ATC_AIRLINE>JAZZ</ATC_AIRLINE><ATC_PARKING_CODES>ACAX, JZA</ATC_PARKING_CODES></Fltsim-Entries><OCI><Files></Files></OCI></AircraftDataSet><Seek><ATC_AIRLINE>VARIOUS</ATC_AIRLINE><TITLE>*Air Canada Express*</TITLE></Seek></AircraftSet><AircraftSet title="Air Canada Express Bombardier Dash 8-300 - green Jazz" force-update="False" force-update-seasonchange="True"><AircraftDataSet temp="True" model="DH3-TFS-NL" switchwords="" installTarget="1"><URL>https://dfs2.flightsim.com/download.php?fn=aidh3jza.zip</URL><Filename>aidh3jza.zip</Filename><Host>FLTSIM</Host><Fltsim_File>[fltsim.x].txt</Fltsim_File><Fltsim_Title>TFS Dash 8-300 Air Canada Jazz Green</Fltsim_Title><Fltsim-Entries><ATC_AIRLINE>JAZZ</ATC_AIRLINE><ATC_PARKING_CODES>ACAX, JZA</ATC_PARKING_CODES></Fltsim-Entries><OCI><Files></Files></OCI></AircraftDataSet><Seek><ATC_AIRLINE>VARIOUS</ATC_AIRLINE><TITLE>*Air Canada Express*</TITLE></Seek></AircraftSet><AircraftSet title="Air Canada Express Bombardier Dash 8-100 - OC opb Jazz" force-update="False" force-update-seasonchange="True"><AircraftDataSet temp="True" model="DH1-TFS-NL" switchwords="" installTarget="1"><URL>https://dfs2.flightsim.com/download.php?fn=aidh1acax.zip</URL><Filename>aidh1acax.zip</Filename><Host>FLTSIM</Host><Fltsim_File>[fltsim.x]_ACAX.txt</Fltsim_File><Fltsim_Title>TFS Dash 8-100 Air Canada Express</Fltsim_Title><Fltsim-Entries><ATC_AIRLINE>JAZZ</ATC_AIRLINE><ATC_PARKING_CODES>ACAX, JZA</ATC_PARKING_CODES></Fltsim-Entries><OCI><Files></Files></OCI></AircraftDataSet><Seek><ATC_AIRLINE>VARIOUS</ATC_AIRLINE><TITLE>*Air Canada Express*</TITLE></Seek></AircraftSet><AircraftSet title="Air Canada Express Beechcraft 1900D - OC EVAS hybrid" force-update="True" force-update-seasonchange="False"><AircraftDataSet model="BEH-HTAI" switchwords="" installTarget="1"><URL>https://www.jcai.dk/download/Kev/EVAS%20Air%20B1900D%20Rep%20Fleet%202020.zip</URL><Filename>EVAS Air B1900D Rep Fleet 2020.zip</Filename><Host>JCAI</Host><Fltsim_File>fltsim.txt</Fltsim_File><Fltsim_Title>Air Canada Express Beechcraft 1900D OC EVAS Hybrid</Fltsim_Title><Fltsim-Entries><ATC_AIRLINE>EVAS</ATC_AIRLINE><ATC_PARKING_CODES>ACAX, EVS</ATC_PARKING_CODES></Fltsim-Entries><OCI><Files></Files></OCI></AircraftDataSet><Seek><ATC_AIRLINE>VARIOUS</ATC_AIRLINE><TITLE>*Air Canada Express*</TITLE></Seek></AircraftSet><AircraftSet title="Air Canada Express Beechcraft 1900D - Air Labrador EVAS hybrid" force-update="True" force-update-seasonchange="False"><AircraftDataSet model="BEH-HTAI" switchwords="" installTarget="1"><URL>https://www.jcai.dk/download/Kev/EVAS%20Air%20B1900D%20Rep%20Fleet%202020.zip</URL><Filename>EVAS Air B1900D Rep Fleet 2020.zip</Filename><Host>JCAI</Host><Fltsim_File>fltsim.txt</Fltsim_File><Fltsim_Title>Air Canada Express Beechcraft 1900D Air Labrador EVAS Hybrid</Fltsim_Title><Fltsim-Entries><ATC_AIRLINE>EVAS</ATC_AIRLINE><ATC_PARKING_CODES>ACAX, EVS</ATC_PARKING_CODES></Fltsim-Entries><OCI><Files></Files></OCI></AircraftDataSet><Seek><ATC_AIRLINE>VARIOUS</ATC_AIRLINE><TITLE>*Air Canada Express*</TITLE></Seek></AircraftSet></AircraftSets><Groups><Group id="10" name="E75- AC#10">C-FEIQ,C-FEIX,C-FEJB,C-FEJD,C-FEJF,C-FEJL,C-FEJP,C-FEJY,C-FEKD,C-FEKH,C-FEKI,C-FEKJ,C-FFYG,C-FJBO,C-FRQK,C-FRQM,C-FRQN,C-FRQP,C-FRQW,C-FUJA,C-FUJE,C-FXJC,C-FXJF</Group><Group id="20" name="CR9- AC#20">C-FIJZ,C-FJZD,C-FJZL,C-FKJZ,C-FLJZ,C-FTJZ,C-GJAN,C-GJZS,C-GNJZ</Group><Group id="20" name="CR9- AC#20">C-FBJZ,C-FCJZ,C-FDJZ,C-FJJZ,C-FNJZ,C-FOJZ,C-FRJA,C-FUJZ,C-GJAZ,C-GJZT,C-GJZV,C-GLJZ,C-GOJZ,C-GPJZ</Group><Group id="30" name="CR2- AC#30">C-FDJA,C-FEJA,C-FFJA,C-FIJA,C-FZJA,C-GGJA,C-GJZZ,C-GMJA,C-GNJA,C-GOJA,C-GQJA,C-GTJA,C-GUJA,C-GXJA,C-GKEZ,C-GKFR,C-GKGC,C-GZJA</Group><Group id="35" name="CR1- AC#35">C-FWRR</Group><Group id="41" name="DH4- AC#41">C-GBJZ,C-GGAH,C-GGDU,C-GGFP,C-GGNW,C-GGNY,C-GGNZ,C-GGOF,C-GGOI,C-GGOK,C-GGOY,C-GKUK,C-GYJZ</Group><Group id="41" name="DH4- AC#41">C-FSRJ,C-FSRN,C-FSRW,C-FSRY,C-FSRZ,C-GGCI,C-GGFJ,C-GGMI,C-GGMN,C-GGMQ,C-GGMU,C-GGMZ,C-GGNF,C-GIJZ,C-GJZC,C-GJZF,C-GJZG,C-GJZH,C-GJZK,C-GJZN,C-GJZR,C-GJZX,C-GJZY,C-GSJZ,C-GUJZ,C-GVJZ,C-GXJZ</Group><Group id="51" name="DH3- AC#51">C-FACF,C-FACT,C-FACV,C-FADF,C-FJFM,C-FMDW,C-FRUZ,C-FSOU,C-FTAK,C-GABP,C-GETA,C-GEWQ,C-GKTA,C-GLTA,C-GMON,C-GNON,C-GTAG,C-GTAT</Group><Group id="60" name="DH1- AC#60">C-FGQK,C-FGRC,C-FGRP,C-GKON,C-GONJ,C-GONY</Group><Group id="70" name="BEH- AC#70">C-GAAT,C-GLHO,C-GORZ,C-GORI,C-GTMB</Group></Groups></FlightplanConfiguration>