﻿<?xml version="1.0" encoding="utf-8"?><FlightplanConfiguration version="2.0"><Flightplan fs="FS9"><Airline>Aviastar-TU</Airline><FP-Type>CARGO</FP-Type><Logo>http://www.alpha-india.net/aigfiles/files/Resources/Logos/AirlineLogos/TUP_Aviastar-TU_Logo.png</Logo><Season>Winter 2019-2020</Season><Developer>AIG</Developer><Developer-Logo>http://www.alpha-india.net/aigfiles/files/Resources/Logos/AIGlogos/AIG_AIGLogo_Winter2019-2020.png</Developer-Logo><ATC_Airline>TUPOLEVAIR</ATC_Airline><ICAO>TUP</ICAO><IATA>4B</IATA><Author>Wolfgang Maier</Author><Country>Russia</Country></Flightplan><AircraftSets><AircraftSet title="Aviastar-TU Boeing 757-200WL - PCF" force-update="False" force-update-seasonchange="False"><AircraftDataSet model="75W-AIG-RR_WL"><URL>https://fsai-repaints.com/?wpdmpro=aviastar-tu-boeing-757-200wlf&amp;wpdmdl=2551&amp;refresh=5e2f2036a94951580146742</URL><Filename>aig_tup_752_p3d.zip</Filename><Host>FSAI</Host><Fltsim_File>fltsim.txt</Fltsim_File><Fltsim_Title>AIG Boeing 757-200WL Aviastar-TU</Fltsim_Title><Fltsim-Entries /><OCI><Files></Files></OCI></AircraftDataSet><Seek><ATC_AIRLINE>TUPOLEVAIR</ATC_AIRLINE><TITLE>*Aviastar-TU*</TITLE></Seek></AircraftSet><AircraftSet title="Aviastar-TU Boeing 757-200WL - SF" force-update="False" force-update-seasonchange="False"><AircraftDataSet model="75W-AIG-RR_WL"><URL>https://fsai-repaints.com/?wpdmpro=aviastar-tu-boeing-757-200wlf&amp;wpdmdl=2551&amp;refresh=5e2f2036a94951580146742</URL><Filename>aig_tup_752_p3d.zip</Filename><Host>FSAI</Host><Fltsim_File>fltsim.txt</Fltsim_File><Fltsim_Title>AIG Boeing 757-200WL Aviastar-TU</Fltsim_Title><Fltsim-Entries /><OCI><Files></Files></OCI></AircraftDataSet><Seek><ATC_AIRLINE>TUPOLEVAIR</ATC_AIRLINE><TITLE>*Aviastar-TU*</TITLE></Seek></AircraftSet><AircraftSet title="Aviastar-TU Boeing 757-200 - PCF Yakutia Hybrid" force-update="False" force-update-seasonchange="False"><AircraftDataSet model="752-AIG-RR"><URL>https://dld.avsim.su/cache/34/67369-Aviastar-TU-Wi19-Wi20.zip</URL><Filename>67369-Aviastar-TU-Wi19-Wi20.zip</Filename><Host>AVRUS2</Host><Fltsim_File>Aircraft.cfg</Fltsim_File><Fltsim_Title>Aviastar-Tu SBAI Tupolev Tu-204-100C RA-64051</Fltsim_Title><Fltsim-Entries /><OCI><Files>\Aviastar-TU_Wi19-Wi20\Aircraft\AI_Boeing 757-200_TUP\texture.TUP\VQ-BPY\32bits\AIG_B752_RR.bmp,\Aviastar-TU_Wi19-Wi20\Aircraft\AI_Boeing 757-200_TUP\texture.TUP\VQ-BPY\32bits\AIG_B752_RR_L.bmp</Files></OCI></AircraftDataSet><Seek><ATC_AIRLINE>TUPOLEVAIR</ATC_AIRLINE><TITLE>*Aviastar-TU*</TITLE></Seek></AircraftSet><AircraftSet title="Aviastar-TU Tupolev Tu-204-100C - Cainiao" force-update="False" force-update-seasonchange="False"><AircraftDataSet model="TU204-SBAI-100"><URL>https://dld.avsim.su/cache/34/67369-Aviastar-TU-Wi19-Wi20.zip</URL><Filename>67369-Aviastar-TU-Wi19-Wi20.zip</Filename><Host>AVRUS2</Host><Fltsim_File>Aircraft.cfg</Fltsim_File><Fltsim_Title>Aviastar-Tu SBAI Tupolev Tu-204-100C RA-64032</Fltsim_Title><Fltsim-Entries /><OCI><Files></Files></OCI></AircraftDataSet><Seek><ATC_AIRLINE>TUPOLEVAIR</ATC_AIRLINE><TITLE>*Aviastar-TU*</TITLE></Seek></AircraftSet><AircraftSet title="Aviastar-TU Tupolev Tu-204-100C - Russian Post" force-update="False" force-update-seasonchange="False"><AircraftDataSet model="TU204-SBAI-100"><URL>https://flyingcarpet75.com/downloads/repaints/sbai_Tu204c_TUP_fleet.zip</URL><Filename>sbai_Tu204c_TUP_fleet.zip</Filename><Host>FC75</Host><Fltsim_File>fltsim.txt</Fltsim_File><Fltsim_Title>Tupolev Tu-204-100C Aviastar-Tu RA-64051</Fltsim_Title><Fltsim-Entries /><OCI><Files></Files></OCI></AircraftDataSet><Seek><ATC_AIRLINE>TUPOLEVAIR</ATC_AIRLINE><TITLE>*Aviastar-TU*</TITLE></Seek></AircraftSet><AircraftSet title="Aviastar-TU Tupolev Tu-204-100C - DHL colors" force-update="False" force-update-seasonchange="False"><AircraftDataSet model="TU204-SBAI-100"><URL>https://flyingcarpet75.com/downloads/repaints/sbai_Tu204c_TUP_fleet.zip</URL><Filename>sbai_Tu204c_TUP_fleet.zip</Filename><Host>FC75</Host><Fltsim_File>fltsim.txt</Fltsim_File><Fltsim_Title>Tupolev Tu-204C Aviastar-Tu RA-64024</Fltsim_Title><Fltsim-Entries><ATC_PARKING_CODES>TUP, DHL, BCS</ATC_PARKING_CODES></Fltsim-Entries><OCI><Files></Files></OCI></AircraftDataSet><Seek><ATC_AIRLINE>TUPOLEVAIR</ATC_AIRLINE><TITLE>*Aviastar-TU*</TITLE></Seek></AircraftSet></AircraftSets><Groups><Group id="10" name="75W- AC#10">VQ-BBU</Group><Group id="11" name="75W- AC#11">VQ-BKK</Group><Group id="15" name="752- AC#15">VQ-BPY</Group><Group id="20" name="T2F- AC#20">RA64032,RA64051,RA64052</Group><Group id="22" name="T2F- AC#22">RA64024</Group></Groups></FlightplanConfiguration>