﻿<?xml version="1.0" encoding="utf-8"?><FlightplanConfiguration version="2.0"><Flightplan fs="FS9"><Airline>Private Wings</Airline><Logo>https://farm8.staticflickr.com/7886/46350923315_d17666f243_o.png</Logo><Season>Winter 2018-2019</Season><Developer>AIG</Developer><Developer-Logo>https://c2.staticflickr.com/2/1950/30798013807_a93a0f89d2_o.png</Developer-Logo><ATC_Airline>PRIVATE WINGS</ATC_Airline><ICAO>PWF</ICAO><Author>Florian Wilmer</Author><Country>Germany</Country></Flightplan><AircraftSets><AircraftSet title="Private Wings Dornier 328-300 Jet" force-update="False"><AircraftDataSet model="FRJ-AIG"><URL>https://library.avsim.net/sendfile.php?Location=AVSIM&amp;Proto=ftp&amp;DLID=127581</URL><Filename>aig_328jet_privatewings.zip</Filename><Host>AVSIM</Host><Fltsim_File>[fltsim.x].txt</Fltsim_File><Fltsim_Title>AIG Dornier 328J Private Wings D-BJET</Fltsim_Title><Fltsim-Entries /><OCI><Files></Files></OCI></AircraftDataSet><Seek><ATC_AIRLINE>PRIVATE WINGS</ATC_AIRLINE><TITLE>*Private Wings*</TITLE></Seek></AircraftSet><AircraftSet title="Private Wings Dornier 328-100" force-update="False"><AircraftDataSet model="D38-JBAI"><URL>https://oneclickhangar.com/forum/index.php?action=dlattach;topic=789.0;attach=4363</URL><Filename>PWF_D328 Part 1_HD.zip</Filename><Host>OCH</Host><Fltsim_File>fltsim.txt</Fltsim_File><Fltsim_Title>Dornier 328 JBAI Private Wings PWF D-CDAX</Fltsim_Title><Fltsim-Entries /><OCI><Files></Files></OCI></AircraftDataSet><Seek><ATC_AIRLINE>PRIVATE WINGS</ATC_AIRLINE><TITLE>*Private Wings*</TITLE></Seek></AircraftSet><AircraftSet title="Private Wings Dornier 328-100 - Flag under wings" force-update="False"><AircraftDataSet model="D38-JBAI"><URL>https://oneclickhangar.com/forum/index.php?action=dlattach;topic=789.0;attach=4363</URL><Filename>PWF_D328 Part 1_HD.zip</Filename><Host>OCH</Host><Fltsim_File>fltsim.txt</Fltsim_File><Fltsim_Title>Dornier 328 JBAI Private Wings PWF D-COSY</Fltsim_Title><Fltsim-Entries /><OCI><Files></Files></OCI></AircraftDataSet><Seek><ATC_AIRLINE>PRIVATE WINGS</ATC_AIRLINE><TITLE>*Private Wings*</TITLE></Seek></AircraftSet><AircraftSet title="Private Wings Dornier 328-100 - no APU" force-update="False"><AircraftDataSet model="D38-JBAI-NO_APU"><URL>https://oneclickhangar.com/forum/index.php?action=dlattach;topic=789.0;attach=4363</URL><Filename>PWF_D328 Part 1_HD.zip</Filename><Host>OCH</Host><Fltsim_File>fltsim.txt</Fltsim_File><Fltsim_Title>Dornier 328 JBAI Private Wings PWF D-CAWA</Fltsim_Title><Fltsim-Entries /><OCI><Files></Files></OCI></AircraftDataSet><Seek><ATC_AIRLINE>PRIVATE WINGS</ATC_AIRLINE><TITLE>*Private Wings*</TITLE></Seek></AircraftSet><AircraftSet title="Private Wings Dornier 328-100 - D-CATZ" force-update="False"><AircraftDataSet model="D38-JBAI"><URL>https://oneclickhangar.com/forum/index.php?action=dlattach;topic=789.0;attach=4363</URL><Filename>PWF_D328 Part 1_HD.zip</Filename><Host>OCH</Host><Fltsim_File>fltsim.txt</Fltsim_File><Fltsim_Title>Dornier 328 JBAI Private Wings PWF D-CATZ</Fltsim_Title><Fltsim-Entries /><OCI><Files></Files></OCI></AircraftDataSet><Seek><ATC_AIRLINE>PRIVATE WINGS</ATC_AIRLINE><TITLE>*Private Wings*</TITLE></Seek></AircraftSet><AircraftSet title="Private Wings Beechcraft 1900D" force-update="False"><AircraftDataSet model="BEH-HTAI"><URL>http://www.juergenbaumbusch.de/paints/Private%20Wings/B1900D%20Private%20Wings.zip</URL><Filename>B1900D Private Wings.zip</Filename><Host>JB</Host><Fltsim_File>Add to aircraftcfg.txt</Fltsim_File><Fltsim_Title>Beechcraft 1900D Private Wings</Fltsim_Title><Fltsim-Entries /><OCI><Files></Files></OCI></AircraftDataSet><Seek><ATC_AIRLINE>PRIVATE WINGS</ATC_AIRLINE><TITLE>*Private Wings*</TITLE></Seek></AircraftSet></AircraftSets></FlightplanConfiguration>