﻿<?xml version="1.0" encoding="utf-8"?><FlightplanConfiguration version="2.0"><Flightplan fs="FSX"><Airline>Hawaiian Airlines</Airline><FP-Type>COMMERCIAL</FP-Type><Logo>http://www.alpha-india.net/aigfiles/files/Resources/Logos/AirlineLogos/HAL_HawaiianAirlines_Logo.png</Logo><Season>Summer 2021</Season><Developer>AIG</Developer><Developer-Logo>http://www.alpha-india.net/aigfiles/files/Resources/Logos/AIGlogos/AIG_AIGLogo_Summer2021.png</Developer-Logo><ATC_Airline>HAWAIIAN</ATC_Airline><ICAO>HAL</ICAO><IATA>HA</IATA><Author>Dick Johnson</Author><Country>United States</Country><AIGFPOnly>False</AIGFPOnly></Flightplan><AircraftSets><AircraftSet title="Hawaiian Airlines Airbus A330-200" force-update="True" force-update-seasonchange="False"><AircraftDataSet model="332-FSP-RR" switchwords="" installTarget="2"><URL>https://atcorepaints.files.wordpress.com/2018/12/fsp_a332_hal_nc.zip</URL><Filename>fsp_a332_hal_nc.zip</Filename><Host>ATCO</Host><Fltsim_File>Readme and Fltsim.txt</Fltsim_File><Fltsim_Title>FSP Airbus A330-200 RR Hawaiian Airlines - NC</Fltsim_Title><Fltsim-Entries /><OCI><Files></Files></OCI></AircraftDataSet><AircraftDataSet model="332-AIG-RR" switchwords="" installTarget="1"><URL>https://www.jcai.dk/download/Garry/AIG_A332_HAL.zip</URL><Filename>aig_a332_hal.zip</Filename><Host>JCAI</Host><Fltsim_File>Readme and Fltsim.txt</Fltsim_File><Fltsim_Title>AIG Airbus A330-200 RR Hawaiian Airlines</Fltsim_Title><Fltsim-Entries /><OCI><Files></Files></OCI></AircraftDataSet><Seek><ATC_AIRLINE>HAWAIIAN</ATC_AIRLINE><TITLE>*Hawaiian Airlines*</TITLE></Seek></AircraftSet><AircraftSet title="Hawaiian Airlines Airbus A330-200 - 242t" force-update="True" force-update-seasonchange="False"><AircraftDataSet model="332-FSP-RR_242t" switchwords="" installTarget="2"><URL>https://atcorepaints.files.wordpress.com/2019/09/fsp_a332_hal_n388ha.zip</URL><Filename>fsp_a332_hal_n388ha.zip</Filename><Host>ATCO</Host><Fltsim_File>Readme and Fltsim.txt</Fltsim_File><Fltsim_Title>FSP Airbus A330-200 RR Hawaiian Airlines - N388HA 242t NC</Fltsim_Title><Fltsim-Entries /><OCI><Files></Files></OCI></AircraftDataSet><AircraftDataSet model="332-AIG-RR_242t" switchwords="" installTarget="1"><URL>https://www.jcai.dk/download/Garry/AIG_A332_HAL.zip</URL><Filename>aig_a332_hal.zip</Filename><Host>JCAI</Host><Fltsim_File>Readme and Fltsim.txt</Fltsim_File><Fltsim_Title>AIG Airbus A330-200 RR 242t Hawaiian Airlines</Fltsim_Title><Fltsim-Entries /><OCI><Files></Files></OCI></AircraftDataSet><Seek><ATC_AIRLINE>HAWAIIAN</ATC_AIRLINE><TITLE>*Hawaiian Airlines*</TITLE></Seek></AircraftSet><AircraftSet title="Hawaiian Airlines Airbus A330-200 - OC" force-update="True" force-update-seasonchange="False"><AircraftDataSet model="332-FSP-RR" switchwords="" installTarget="2"><URL>https://atcorepaints.files.wordpress.com/2017/12/fspxai_a332_hal.zip</URL><Filename>fspxai_a332_hal.zip</Filename><Host>ATCO</Host><Fltsim_File>Readme and Fltsim.txt</Fltsim_File><Fltsim_Title>FSP Airbus A330-200 RR Hawaiian Airlines</Fltsim_Title><Fltsim-Entries /><OCI><Files></Files></OCI></AircraftDataSet><AircraftDataSet model="332-AIG-RR" switchwords="" installTarget="1"><URL>https://www.jcai.dk/download/Garry/AIG_A332_HAL.zip</URL><Filename>aig_a332_hal.zip</Filename><Host>JCAI</Host><Fltsim_File>Readme and Fltsim.txt</Fltsim_File><Fltsim_Title>AIG Airbus A330-200 RR Hawaiian Airlines - OC</Fltsim_Title><Fltsim-Entries /><OCI><Files></Files></OCI></AircraftDataSet><Seek><ATC_AIRLINE>HAWAIIAN</ATC_AIRLINE><TITLE>*Hawaiian Airlines*</TITLE></Seek></AircraftSet><AircraftSet title="Hawaiian Airlines Airbus A321-200neo" force-update="False" force-update-seasonchange="False"><AircraftDataSet model="A21N-FAIB-PW_S" switchwords="" installTarget="1"><URL>https://atcorepaints.files.wordpress.com/2018/01/faib_a21n_hal.zip</URL><Filename>faib_a21n_hal.zip</Filename><Host>ATCO</Host><Fltsim_File>Readme and Fltsim.txt</Fltsim_File><Fltsim_Title>FAIB Airbus A321NEO PW Hawaiian Airlines</Fltsim_Title><Fltsim-Entries /><OCI><Files></Files></OCI></AircraftDataSet><Seek><ATC_AIRLINE>HAWAIIAN</ATC_AIRLINE><TITLE>*Hawaiian Airlines*</TITLE></Seek></AircraftSet><AircraftSet title="Hawaiian Airlines Boeing 717-200" force-update="False" force-update-seasonchange="False"><AircraftDataSet model="712-AIA-no_refl" switchwords="" installTarget="1"><URL>https://atcorepaints.files.wordpress.com/2019/09/aia_712_hal_n494ha.zip</URL><Filename>aia_712_hal_n494ha.zip</Filename><Host>ATCO</Host><Fltsim_File>Readme and Fltsim.txt</Fltsim_File><Fltsim_Title>AIA Boeing 717 Hawaiian Airlines - N494HA NC No Eyebrows</Fltsim_Title><Fltsim-Entries /><OCI><Files></Files></OCI></AircraftDataSet><Seek><ATC_AIRLINE>HAWAIIAN</ATC_AIRLINE><TITLE>*Hawaiian Airlines*</TITLE></Seek></AircraftSet><AircraftSet title="Hawaiian Airlines Boeing 717-200 - Eyebrows" force-update="False" force-update-seasonchange="False"><AircraftDataSet model="712-AIA-no_refl" switchwords="" installTarget="1"><URL>https://atcorepaints.files.wordpress.com/2019/09/aia_712_hal_nc.zip</URL><Filename>aia_712_hal_nc.zip</Filename><Host>ATCO</Host><Fltsim_File>Readme and Fltsim.txt</Fltsim_File><Fltsim_Title>AIA Boeing 717 Hawaiian Airlines - N490HA NC</Fltsim_Title><Fltsim-Entries /><OCI><Files></Files></OCI></AircraftDataSet><Seek><ATC_AIRLINE>HAWAIIAN</ATC_AIRLINE><TITLE>*Hawaiian Airlines*</TITLE></Seek></AircraftSet><AircraftSet title="Hawaiian Airlines Boeing 717-200 - OC Eyebrows" force-update="False" force-update-seasonchange="False"><AircraftDataSet model="712-AIA-no_refl" switchwords="" installTarget="1"><URL>https://dfs2.flightsim.com/download.php?fn=ai717hal.zip</URL><Filename>ai717hal.zip</Filename><Host>FLTSIM</Host><Fltsim_File>[fltsim.x].txt</Fltsim_File><Fltsim_Title>AIA B717_Hawaiian</Fltsim_Title><Fltsim-Entries /><OCI><Files></Files></OCI></AircraftDataSet><Seek><ATC_AIRLINE>HAWAIIAN</ATC_AIRLINE><TITLE>*Hawaiian Airlines*</TITLE></Seek></AircraftSet></AircraftSets><Groups><Group id="11" name="332- AC#11">N360HA,N361HA,N370HA,N373HA,N374HA,N375HA,N378HA,N379HA,N380HA,N381HA,N382HA,N383HA,N384HA,N385HA,N386HA,N388HA,N389HA,N390HA,N391HA</Group><Group id="20" name="32Q- AC#20">N202HA,N204HA,N205HA,N208HA,N209HA,N212HA,N213HA,N214HA,N215HA,N216HA,N217HA,N218HA,N220HA,N223HA,N226HA,N227HA,N228HA</Group><Group id="30" name="712- AC#30">N494HA,N476HA,N479HA,N480HA,N483HA,N484HA,N486HA,N487HA,N488HA,N489HA,N490HA,N491HA,N492HA,N493HA</Group></Groups></FlightplanConfiguration>