﻿<?xml version="1.0" encoding="utf-8"?><FlightplanConfiguration version="2.0"><Flightplan fs="FS9"><Airline>Turpial Airlines</Airline><FP-Type>COMMERCIAL</FP-Type><Logo>http://www.alpha-india.net/aigfiles/files/Resources/Logos/AirlineLogos/VTU_TurpialAirlines_Logo.png</Logo><Season>Summer 2021</Season><Developer>CNAI</Developer><Developer-Logo></Developer-Logo><ATC_Airline>TURPIAL</ATC_Airline><ICAO>VTU</ICAO><IATA>T9</IATA><Author>Carlos Augusto Narvaez Diaz</Author><Country>venezuela</Country><AIGFPOnly>False</AIGFPOnly></Flightplan><AircraftSets><AircraftSet title="Turpial Airlines Boeing 737-400" force-update="False" force-update-seasonchange="False"><AircraftDataSet model="734-FAIB-logolight" switchwords="" installTarget="1"><URL>https://library.avsim.net/images/Download.png</URL><Filename>faib_b737-400_turpial_airlines.zip</Filename><Host>AVSIM</Host><Fltsim_File>fltsim.txt</Fltsim_File><Fltsim_Title>FAIB Boeing 737-400 Turpial Airlines</Fltsim_Title><Fltsim-Entries /><OCI><Files></Files></OCI></AircraftDataSet><Seek><ATC_AIRLINE>TURPIAL</ATC_AIRLINE><TITLE>*Turpial Airlines*</TITLE></Seek></AircraftSet></AircraftSets><Groups><Group id="100" name="734- AC#100">YV613T,YV622T</Group></Groups></FlightplanConfiguration>