﻿<?xml version="1.0" encoding="utf-8"?><FlightplanConfiguration version="2.0"><Flightplan fs="FSX"><Airline>West Atlantic UK</Airline><FP-Type>CARGO</FP-Type><Logo>https://dcfo38husa367.cloudfront.net/Resources/Logos/AirlineLogos/SWN_WestAtlanticAirlines_Logo.png</Logo><Season>Winter 2021-2022</Season><Developer>AIG</Developer><Developer-Logo>https://dcfo38husa367.cloudfront.net/Resources/Logos/AIGlogos/AIG_AIGLogo_Winter2021-2022.png</Developer-Logo><ATC_Airline>NEPTUNE</ATC_Airline><ICAO>NPT</ICAO><IATA></IATA><Author>Florian Wilmer</Author><Country>United Kindom</Country><AIGFPOnly>False</AIGFPOnly></Flightplan><AircraftSets><AircraftSet title="West Atlantic UK Boeing 737-800WL - BCF 1st -800BCF" force-update="False" force-update-seasonchange="False"><AircraftDataSet model="73H-FAIB-winglets" switchwords="" installTarget="1"><URL>https://jcai.dk/wpdm-package/west-atlantic-uk-boeing-737-800wl-bcf-fsx/?wpdmdl=8236&amp;refresh=5df3fda2ad56e1576271266</URL><Filename>FAIB_West_Atlantic_UK_Boeing_737_800WL BCF_FSX.zip</Filename><Host>JCAI</Host><Fltsim_File>fltsim.x.txt</Fltsim_File><Fltsim_Title>FAIB Boeing 737-800BCF Winglets West Atlantic UK 'G-NPTA'</Fltsim_Title><Fltsim-Entries /><OCI><Files></Files></OCI></AircraftDataSet><Seek><ATC_AIRLINE>NEPTUNE</ATC_AIRLINE><TITLE>*West Atlantic UK*</TITLE></Seek></AircraftSet><AircraftSet title="West Atlantic UK Boeing 737-400 - SF" force-update="False" force-update-seasonchange="False"><AircraftDataSet model="734-FAIB-logolight" switchwords="" installTarget="1"><URL>https://jcai.dk/wpdm-package/west-atlantic-uk-boeing-737-400sf-fsx/?wpdmdl=8232&amp;refresh=61eab013c46961642770451</URL><Filename>FAIB_West_Atlantic_UK_Boeing_737_400SF_FSX.zip</Filename><Host>JCAI</Host><Fltsim_File>fltsim.x.txt</Fltsim_File><Fltsim_Title>FAIB Boeing 737-400SF West Atlantic UK 'G-JMCH'</Fltsim_Title><Fltsim-Entries /><OCI><Files></Files></OCI></AircraftDataSet><Seek><ATC_AIRLINE>NEPTUNE</ATC_AIRLINE><TITLE>*West Atlantic UK*</TITLE></Seek></AircraftSet><AircraftSet title="West Atlantic UK Boeing 737-400 - SF All White" force-update="False" force-update-seasonchange="False"><AircraftDataSet model="734-FAIB-logolight" switchwords="" installTarget="1"><URL>https://jcai.dk/wpdm-package/west-atlantic-uk-boeing-737-400sf-fsx/?wpdmdl=8232&amp;refresh=61eab013c46961642770451</URL><Filename>FAIB_West_Atlantic_UK_Boeing_737_400SF_FSX.zip</Filename><Host>JCAI</Host><Fltsim_File>fltsim.x.txt</Fltsim_File><Fltsim_Title>FAIB Boeing 737-400SF West Atlantic UK All White lsf Vallair 'G-CKUZ'</Fltsim_Title><Fltsim-Entries /><OCI><Files></Files></OCI></AircraftDataSet><Seek><ATC_AIRLINE>NEPTUNE</ATC_AIRLINE><TITLE>*West Atlantic UK*</TITLE></Seek></AircraftSet><AircraftSet title="West Atlantic UK Boeing 737-400 - SF White with Blue Tail Cargo Airlines-stickers" force-update="False" force-update-seasonchange="False"><AircraftDataSet model="734-FAIB-logolight" switchwords="" installTarget="1"><URL>https://jcai.dk/wpdm-package/west-atlantic-uk-boeing-737-400sf-fsx/?wpdmdl=8232&amp;refresh=61eab013c46961642770451</URL><Filename>FAIB_West_Atlantic_UK_Boeing_737_400SF_FSX.zip</Filename><Host>JCAI</Host><Fltsim_File>fltsim.x.txt</Fltsim_File><Fltsim_Title>FAIB Boeing 737-400SF West Atlantic UK Ex Solinair C/S 'G-JMCV'</Fltsim_Title><Fltsim-Entries /><OCI><Files></Files></OCI></AircraftDataSet><Seek><ATC_AIRLINE>NEPTUNE</ATC_AIRLINE><TITLE>*West Atlantic UK*</TITLE></Seek></AircraftSet><AircraftSet title="West Atlantic UK Boeing 737-400 - SF Eyebrows" force-update="False" force-update-seasonchange="False"><AircraftDataSet model="734-FAIB-logolight" switchwords="" installTarget="1"><URL>https://jcai.dk/wpdm-package/west-atlantic-uk-boeing-737-400sf-fsx/?wpdmdl=8232&amp;refresh=61eab013c46961642770451</URL><Filename>FAIB_West_Atlantic_UK_Boeing_737_400SF_FSX.zip</Filename><Host>JCAI</Host><Fltsim_File>fltsim.x.txt</Fltsim_File><Fltsim_Title>FAIB Boeing 737-400SF West Atlantic UK 'G-NPTX'</Fltsim_Title><Fltsim-Entries /><OCI><Files></Files></OCI></AircraftDataSet><Seek><ATC_AIRLINE>NEPTUNE</ATC_AIRLINE><TITLE>*West Atlantic UK*</TITLE></Seek></AircraftSet><AircraftSet title="West Atlantic UK Boeing 737-400 - SF Eyebrows Cargo Airlines-stickers" force-update="False" force-update-seasonchange="False"><AircraftDataSet model="734-FAIB-logolight" switchwords="" installTarget="1"><URL>https://jcai.dk/wpdm-package/west-atlantic-uk-boeing-737-400sf-fsx/?wpdmdl=8232&amp;refresh=61eab013c46961642770451</URL><Filename>FAIB_West_Atlantic_UK_Boeing_737_400SF_FSX.zip</Filename><Host>JCAI</Host><Fltsim_File>fltsim.x.txt</Fltsim_File><Fltsim_Title>FAIB Boeing 737-400SF West Atlantic UK Eyebrows Cargo Airlines-stickers 'G-JMCK'</Fltsim_Title><Fltsim-Entries /><OCI><Files></Files></OCI></AircraftDataSet><Seek><ATC_AIRLINE>NEPTUNE</ATC_AIRLINE><TITLE>*West Atlantic UK*</TITLE></Seek></AircraftSet><AircraftSet title="West Atlantic UK Boeing 737-400 - SF opb Titan Airways" force-update="False" force-update-seasonchange="False"><AircraftDataSet model="734-FAIB-logolight" switchwords="" installTarget="1"><URL>https://flyingcarpet75.com/downloads/repaints/faib_titanairways_73p.zip</URL><Filename>faib_titanairways_73p.zip</Filename><Host>FC75</Host><Fltsim_File>Readme.txt</Fltsim_File><Fltsim_Title>FAIB Boeing 737-400SF Titan Airways</Fltsim_Title><Fltsim-Entries /><OCI><Files></Files></OCI></AircraftDataSet><Seek><ATC_AIRLINE>NEPTUNE</ATC_AIRLINE><TITLE>*West Atlantic UK*</TITLE></Seek></AircraftSet><AircraftSet title="West Atlantic UK Boeing 737-300 - SF Cargo Airlines-stickers" force-update="False" force-update-seasonchange="False"><AircraftDataSet model="733-FAIB-logolight" switchwords="" installTarget="1"><URL>https://jcai.dk/wpdm-package/west-atlantic-uk-boeing-737-300sf-bdsf-fsx/?wpdmdl=8235&amp;refresh=61eab015712c41642770453</URL><Filename>FAIB_West_Atlantic_UK__Boeing_737_300SF and BDSF_FSX.zip</Filename><Host>JCAI</Host><Fltsim_File>fltsim.x.txt</Fltsim_File><Fltsim_Title>FAIB Boeing 737-300SF West Atlantic UK 'G-JMCO'</Fltsim_Title><Fltsim-Entries /><OCI><Files></Files></OCI></AircraftDataSet><Seek><ATC_AIRLINE>NEPTUNE</ATC_AIRLINE><TITLE>*West Atlantic UK*</TITLE></Seek></AircraftSet><AircraftSet title="West Atlantic UK Boeing 737-300 - SF Albino Cargo Airlines-stickers" force-update="False" force-update-seasonchange="False"><AircraftDataSet model="733-FAIB-logolight" switchwords="" installTarget="1"><URL>https://jcai.dk/wpdm-package/west-atlantic-uk-boeing-737-300sf-bdsf-fsx/?wpdmdl=8235&amp;refresh=61eab015712c41642770453</URL><Filename>FAIB_West_Atlantic_UK__Boeing_737_300SF and BDSF_FSX.zip</Filename><Host>JCAI</Host><Fltsim_File>fltsim.x.txt</Fltsim_File><Fltsim_Title>FAIB Boeing 737-300SF West Atlantic UK 'G-JMCM'</Fltsim_Title><Fltsim-Entries /><OCI><Files></Files></OCI></AircraftDataSet><Seek><ATC_AIRLINE>FELIX</ATC_AIRLINE><TITLE>*West Atlantic UK*</TITLE></Seek></AircraftSet><AircraftSet title="West Atlantic UK Boeing 737-300 - SF Eyebrows black tail" force-update="False" force-update-seasonchange="False"><AircraftDataSet model="733-FAIB-logolight" switchwords="" installTarget="1"><URL>https://dfs2.flightsim.com/download.php?fn=faib_733_npt_fsx.zip</URL><Filename>faib_733_npt_fsx.zip</Filename><Host>FLTSIM</Host><Fltsim_File>fltsim.txt</Fltsim_File><Fltsim_Title>FAIB Boeing 737-300 West Atlantic G-JMCT</Fltsim_Title><Fltsim-Entries /><OCI><Files></Files></OCI></AircraftDataSet><Seek><ATC_AIRLINE>NEPTUNE</ATC_AIRLINE><TITLE>*West Atlantic UK*</TITLE></Seek></AircraftSet><AircraftSet title="West Atlantic UK Boeing 737-300 - SF Eyebrows Horse Transporter" force-update="False" force-update-seasonchange="False"><AircraftDataSet model="733-FAIB-normal" switchwords="" installTarget="1"><URL>https://library.avsim.net/sendfile.php?Location=AVSIM&amp;Proto=ftp&amp;DLID=170070</URL><Filename>faib_b733_atlantic_airlines_fsx.zip</Filename><Host>AVSIM</Host><Fltsim_File>fltsim.txt</Fltsim_File><Fltsim_Title>FAIB Boeing 737-300F Atlantic Airlines</Fltsim_Title><Fltsim-Entries /><OCI><Files></Files></OCI></AircraftDataSet><Seek><ATC_AIRLINE>NEPTUNE</ATC_AIRLINE><TITLE>*West Atlantic UK*</TITLE></Seek></AircraftSet><AircraftSet title="West Atlantic UK Boeing 737-300 - BDSF Cargo Airlines-stickers" force-update="False" force-update-seasonchange="False"><AircraftDataSet model="733-FAIB-logolight" switchwords="" installTarget="1"><URL>https://jcai.dk/wpdm-package/west-atlantic-uk-boeing-737-300sf-bdsf-fsx/?wpdmdl=8235&amp;refresh=61eab015712c41642770453</URL><Filename>FAIB_West_Atlantic_UK__Boeing_737_300SF and BDSF_FSX.zip</Filename><Host>JCAI</Host><Fltsim_File>fltsim.x.txt</Fltsim_File><Fltsim_Title>FAIB Boeing 737-300SF West Atlantic UK 'G-JMCU'</Fltsim_Title><Fltsim-Entries /><OCI><Files></Files></OCI></AircraftDataSet><Seek><ATC_AIRLINE>NEPTUNE</ATC_AIRLINE><TITLE>*West Atlantic UK*</TITLE></Seek></AircraftSet><AircraftSet title="West Atlantic UK BAe ATP-F - LFD OC opb West Atlantic Sweden" force-update="False" force-update-seasonchange="False"><AircraftDataSet model="ATP-PAI" switchwords="" installTarget="1"><URL>https://jcai.dk/wpdm-package/west-atlantic-sweden-bae-atp-flfd-fsx/?wpdmdl=8251&amp;refresh=61eaa9e248f171642768866</URL><Filename>PAI_BAe ATP-F(LFD)_West Atlantic Sweden_2018_FSX.zip</Filename><Host>JCAI</Host><Fltsim_File>fltsim.txt</Fltsim_File><Fltsim_Title>PAI BAe ATP-F (LFD) West Atlantic Sweden 'West Air Europe C/S rear cargo door' SE-MAO</Fltsim_Title><Fltsim-Entries /><OCI><Files></Files></OCI></AircraftDataSet><Seek><ATC_AIRLINE>NEPTUNE</ATC_AIRLINE><TITLE>*West Atlantic UK*</TITLE></Seek></AircraftSet><AircraftSet title="West Atlantic UK ATR 72-200F - LFD no windows" force-update="False" force-update-seasonchange="False"><AircraftDataSet model="AT7-OSP-200F" switchwords="" installTarget="1"><URL>https://jcai.dk/wpdm-package/west-atlantic-uk-aerospatiale-atr-72-211f-fsx/?wpdmdl=16295&amp;refresh=620fafa22aefb1645195170</URL><Filename>OSP_ATR_72-211F_West Atlantic UK_FSX.zip</Filename><Host>JCAI</Host><Fltsim_File>[Fltsim.x].txt</Fltsim_File><Fltsim_Title>OSP ATR 72-211F West Atlantic UK</Fltsim_Title><Fltsim-Entries /><OCI><Files></Files></OCI></AircraftDataSet><Seek><ATC_AIRLINE>NEPTUNE</ATC_AIRLINE><TITLE>*West Atlantic UK*</TITLE></Seek></AircraftSet></AircraftSets><Groups><Group id="10" name="73H- AC#10">G-NPTA</Group><Group id="21" name="73P- AC#21">G-CKUZ,G-JMCH,G-JMCK,G-JMCV,G-NPTX</Group><Group id="25" name="73P- AC#25">G-POWP</Group><Group id="30" name="73Y- AC#30">G-JMCO,G-JMCT</Group><Group id="31" name="73Y- AC#31">G-JMCM</Group><Group id="33" name="73Y- AC#33">G-JMCL</Group><Group id="34" name="73Y- AC#34">G-JMCU</Group><Group id="40" name="ATP- AC#40">SE-MAJ,SE-MAN,SE-MAO,SE-MAP</Group><Group id="50" name="AT73- AC#50">G-CLNK,G-CLXT</Group></Groups></FlightplanConfiguration>