﻿<?xml version="1.0" encoding="utf-8"?><FlightplanConfiguration version="2.0"><Flightplan fs="FS9"><Airline>Travel Service</Airline><Logo>https://c2.staticflickr.com/2/1786/29362452338_4041260993_o.png</Logo><Season>Summer 2018</Season><Developer>AIG</Developer><Developer-Logo>https://c2.staticflickr.com/2/1819/43145454615_bf60bd2f4e_o.png</Developer-Logo><ATC_Airline>SKYTRAVEL</ATC_Airline><ICAO>TVS</ICAO><Author>Florian Wilmer</Author><Country>Czech Republic</Country></Flightplan><AircraftSets><AircraftSet title="Travel Service Boeing 737-900ER WL" force-update="True"><AircraftDataSet model="73Jer-FAIB-winglets"><URL>ftp://kamjunke.remotewebaccess.com/fc75/faib_travelservice_739_fsx.zip</URL><Filename>faib_travelservice_739_fsx.zip</Filename><Host>KPK</Host><Fltsim_File>Readme.txt</Fltsim_File><Fltsim_Title>FAIB Boeing 737-900ER Travel Service</Fltsim_Title><Fltsim-Entries /><OCI><Files></Files></OCI></AircraftDataSet><Seek><ATC_AIRLINE>SKYTRAVEL</ATC_AIRLINE><TITLE>*Travel Service*</TITLE></Seek></AircraftSet><AircraftSet title="Travel Service Boeing 737-900ER WL - SN" force-update="True"><AircraftDataSet model="73Jer-FAIB-winglets_SN"><URL>ftp://kamjunke.remotewebaccess.com/fc75/faib_travelservice_739_fsx.zip</URL><Filename>faib_travelservice_739_fsx.zip</Filename><Host>KPK</Host><Fltsim_File>Readme.txt</Fltsim_File><Fltsim_Title>FAIB Boeing 737-900ER Travel Service</Fltsim_Title><Fltsim-Entries /><OCI><Files></Files></OCI></AircraftDataSet><Seek><ATC_AIRLINE>SKYTRAVEL</ATC_AIRLINE><TITLE>*Travel Service*</TITLE></Seek></AircraftSet><AircraftSet title="Travel Service Boeing 737 MAX 8 - Smartwings" force-update="False"><AircraftDataSet model="7M8-FSP"><URL>https://www.jcai.dk/download/Dennis/FSPX_737MAX8_Smartwings_FSX.zip</URL><Filename>FSPX_737MAX8_Smartwings_FSX.zip</Filename><Host>JCAI</Host><Fltsim_File>fltsim.txt</Fltsim_File><Fltsim_Title>FSPX Boeing 737 MAX 8 Smartwings</Fltsim_Title><Fltsim-Entries /><OCI><Files></Files></OCI></AircraftDataSet><AircraftDataSet replacement="True" replacement-title="Travel Service Boeing 737-800SSW - SN Smartwings" model="73H-FAIB-scimitars_SN" /><Seek><ATC_AIRLINE>SKYTRAVEL</ATC_AIRLINE><TITLE>*Travel Service*</TITLE></Seek></AircraftSet><AircraftSet title="Travel Service Boeing 737-800SSW" force-update="False"><AircraftDataSet model="73H-FAIB-scimitars"><URL>ftp://kamjunke.remotewebaccess.com/fc75/faib_travelservice_738s_fsx.zip</URL><Filename>faib_travelservice_738s_fsx.zip</Filename><Host>KPK</Host><Fltsim_File>Readme.txt</Fltsim_File><Fltsim_Title>FAIB Boeing 737-800SSW Travel Service</Fltsim_Title><Fltsim-Entries /><OCI><Files></Files></OCI></AircraftDataSet><Seek><ATC_AIRLINE>SKYTRAVEL</ATC_AIRLINE><TITLE>*Travel Service*</TITLE></Seek></AircraftSet><AircraftSet title="Travel Service Boeing 737-800SSW - Smartwings" force-update="False"><AircraftDataSet model="73H-FAIB-scimitars"><URL>https://www.jcai.dk/download/Dennis/FAIB_Boeing 737-800W_Travel Service_Poland_leases_2017_FSX.zip</URL><Filename>FAIB_Boeing 737-800W_Travel Service_Poland_leases_2017_FSX.zip</Filename><Host>JCAI</Host><Fltsim_File>fltsim.x.txt</Fltsim_File><Fltsim_Title>FAIB Travelservice Poland Boeing 737-800SSWL 'SN Smartwings'</Fltsim_Title><Fltsim-Entries /><OCI><Files></Files></OCI></AircraftDataSet><Seek><ATC_AIRLINE>SKYTRAVEL</ATC_AIRLINE><TITLE>*Travel Service*</TITLE></Seek></AircraftSet><AircraftSet title="Travel Service Boeing 737-800SSW - SN" force-update="False"><AircraftDataSet model="73H-FAIB-scimitars_SN"><URL>ftp://kamjunke.remotewebaccess.com/fc75/faib_travelservice_738s_fsx.zip</URL><Filename>faib_travelservice_738s_fsx.zip</Filename><Host>KPK</Host><Fltsim_File>Readme.txt</Fltsim_File><Fltsim_Title>FAIB Boeing 737-800SSW Travel Service</Fltsim_Title><Fltsim-Entries /><OCI><Files></Files></OCI></AircraftDataSet><Seek><ATC_AIRLINE>SKYTRAVEL</ATC_AIRLINE><TITLE>*Travel Service*</TITLE></Seek></AircraftSet><AircraftSet title="Travel Service Boeing 737-800SSW - SN Smartwings" force-update="False"><AircraftDataSet model="73H-FAIB-scimitars_SN"><URL>https://www.jcai.dk/download/Dennis/FAIB_Boeing 737-800W_Travel Service_Poland_leases_2017_FSX.zip</URL><Filename>FAIB_Boeing 737-800W_Travel Service_Poland_leases_2017_FSX.zip</Filename><Host>JCAI</Host><Fltsim_File>fltsim.x.txt</Fltsim_File><Fltsim_Title>FAIB Travelservice Poland Boeing 737-800SSWL 'SN Smartwings'</Fltsim_Title><Fltsim-Entries /><OCI><Files></Files></OCI></AircraftDataSet><Seek><ATC_AIRLINE>SKYTRAVEL</ATC_AIRLINE><TITLE>*Travel Service*</TITLE></Seek></AircraftSet><AircraftSet title="Travel Service Boeing 737-800WL - Moravian-Silesian Region" force-update="False"><AircraftDataSet model="73H-FAIB-winglets"><URL>ftp://kamjunke.remotewebaccess.com/fc75/faib_travelservicemsl_738_fsx.zip</URL><Filename>faib_travelservicemsl_738_fsx.zip</Filename><Host>KPK</Host><Fltsim_File>Readme.txt</Fltsim_File><Fltsim_Title>FAIB Boeing 737-800w Travel Service - Moravian-Silesian Region</Fltsim_Title><Fltsim-Entries /><OCI><Files></Files></OCI></AircraftDataSet><Seek><ATC_AIRLINE>SKYTRAVEL</ATC_AIRLINE><TITLE>*Travel Service*</TITLE></Seek></AircraftSet><AircraftSet title="Travel Service Boeing 737-800WL - Smartwings" force-update="False"><AircraftDataSet model="73H-FAIB-winglets"><URL>ftp://kamjunke.remotewebaccess.com/fc75/faib_smartwings_738_fsx.zip</URL><Filename>faib_smartwings_738_fsx.zip</Filename><Host>KPK</Host><Fltsim_File>Readme.txt</Fltsim_File><Fltsim_Title>FAIB Boeing 737-800w Smartwings</Fltsim_Title><Fltsim-Entries /><OCI><Files></Files></OCI></AircraftDataSet><Seek><ATC_AIRLINE>SKYTRAVEL</ATC_AIRLINE><TITLE>*Travel Service*</TITLE></Seek></AircraftSet><AircraftSet title="Travel Service Boeing 737-800WL - Smartwings (white)" force-update="False"><AircraftDataSet model="73H-FAIB-winglets"><URL>ftp://kamjunke.remotewebaccess.com/fc75/faib_smartwingswhite_738_fsx.zip</URL><Filename>faib_smartwingswhite_738_fsx.zip</Filename><Host>KPK</Host><Fltsim_File>Readme.txt</Fltsim_File><Fltsim_Title>FAIB Boeing 737-800w Smartwings White</Fltsim_Title><Fltsim-Entries /><OCI><Files></Files></OCI></AircraftDataSet><Seek><ATC_AIRLINE>SKYTRAVEL</ATC_AIRLINE><TITLE>*Travel Service*</TITLE></Seek></AircraftSet><AircraftSet title="Travel Service Boeing 737-800WL - MIAT Mongolian Airlines Hybrid" force-update="False"><AircraftDataSet model="73H-FAIB-winglets"><URL>https://www.jcai.dk/download/Dennis/FAIB_Boeing 737-800W_Travel Service_leases_2017_FSX.zip</URL><Filename>FAIB_Boeing 737-800W_Travel Service_leases_2017_FSX.zip</Filename><Host>JCAI</Host><Fltsim_File>fltsim.x.txt</Fltsim_File><Fltsim_Title>FAIB Travelservice Boeing 737-800WL 'MIAT Mongolian Airlines Hybrid'</Fltsim_Title><Fltsim-Entries /><OCI><Files></Files></OCI></AircraftDataSet><Seek><ATC_AIRLINE>SKYTRAVEL</ATC_AIRLINE><TITLE>*Travel Service*</TITLE></Seek></AircraftSet><AircraftSet title="Travel Service Boeing 737-800WL - Smartwings ex Eastern Hybrid" force-update="False"><AircraftDataSet model="73H-FAIB-winglets"><URL>https://www.jcai.dk/download/Dennis/FAIB_Boeing 737-800W_Travel Service_leases_2018_FSX.zip</URL><Filename>FAIB_Boeing 737-800W_Travel Service_leases_2018_FSX.zip</Filename><Host>JCAI</Host><Fltsim_File>fltsim.x.txt</Fltsim_File><Fltsim_Title>FAIB Smartwings Boeing 737-800WL 'Eastern Hybrid'</Fltsim_Title><Fltsim-Entries /><OCI><Files></Files></OCI></AircraftDataSet><Seek><ATC_AIRLINE>SKYTRAVEL</ATC_AIRLINE><TITLE>*Travel Service*</TITLE></Seek></AircraftSet><AircraftSet title="Travel Service Boeing 737-800WL - Smartwings Swift Air Hybrid" force-update="False"><AircraftDataSet model="73H-FAIB-winglets"><URL>https://www.jcai.dk/download/Dennis/FAIB_Boeing 737-800W_Travel Service_leases_2018_FSX.zip</URL><Filename>FAIB_Boeing 737-800W_Travel Service_leases_2018_FSX.zip</Filename><Host>JCAI</Host><Fltsim_File>fltsim.x.txt</Fltsim_File><Fltsim_Title>FAIB Smartwings Boeing 737-800WL 'Swift Air Hybrid'</Fltsim_Title><Fltsim-Entries /><OCI><Files></Files></OCI></AircraftDataSet><Seek><ATC_AIRLINE>SKYTRAVEL</ATC_AIRLINE><TITLE>*Travel Service*</TITLE></Seek></AircraftSet><AircraftSet title="Travel Service Boeing 737-800WL - SN" force-update="False"><AircraftDataSet model="73H-FAIB-winglets_SN"><URL>ftp://kamjunke.remotewebaccess.com/fc75/faib_738w_tvs_fleet_fsx.zip</URL><Filename>faib_738w_tvs_fleet_fsx.zip</Filename><Host>KPK</Host><Fltsim_File>Readme.txt</Fltsim_File><Fltsim_Title>FAIB Boeing 737-800w Travel Service</Fltsim_Title><Fltsim-Entries /><OCI><Files></Files></OCI></AircraftDataSet><Seek><ATC_AIRLINE>SKYTRAVEL</ATC_AIRLINE><TITLE>*Travel Service*</TITLE></Seek></AircraftSet><AircraftSet title="Travel Service Boeing 737-700 - Smartwings" force-update="False"><AircraftDataSet model="73G-FAIB"><URL>ftp://kamjunke.remotewebaccess.com/fc75/faib_smartwings_737_fsx.zip</URL><Filename>faib_smartwings_737_fsx.zip</Filename><Host>KPK</Host><Fltsim_File>Readme.txt</Fltsim_File><Fltsim_Title>FAIB Boeing 737-700 Smartwings</Fltsim_Title><Fltsim-Entries /><OCI><Files></Files></OCI></AircraftDataSet><Seek><ATC_AIRLINE>SKYTRAVEL</ATC_AIRLINE><TITLE>*Travel Service*</TITLE></Seek></AircraftSet><AircraftSet title="Travel Service Boeing 737-700 - Smartwings blue engine" force-update="False"><AircraftDataSet model="73G-FAIB"><URL>https://jcai.dk/wpdm-package/smartwings-boeing-737-700-winglets-fsx/?wpdmdl=7825&amp;refresh=5b5380396b60f1532198969</URL><Filename>FAIB_Boeing 737-700_Travel Service_FSX.zip</Filename><Host>JCAI</Host><Fltsim_File>fltsim.x.txt</Fltsim_File><Fltsim_Title>FAIB Boeing 737-700 Smartwings 'OK-SWT'</Fltsim_Title><Fltsim-Entries /><OCI><Files></Files></OCI></AircraftDataSet><Seek><ATC_AIRLINE>SKYTRAVEL</ATC_AIRLINE><TITLE>*Travel Service*</TITLE></Seek></AircraftSet><AircraftSet title="Travel Service Boeing 737-400 - opb YanAir" force-update="False"><AircraftDataSet model="734-FAIB-logolight"><URL>https://dfs2.flightsim.com/download.php?fn=yanair_b734.zip</URL><Filename>yanair_b734.zip</Filename><Host>FLTSIM</Host><Fltsim_File>Readme.txt</Fltsim_File><Fltsim_Title>FAIB Boeing 737-400 Yanair UR-CNP</Fltsim_Title><Fltsim-Entries /><OCI><Files></Files></OCI></AircraftDataSet><Seek><ATC_AIRLINE>SKYTRAVEL</ATC_AIRLINE><TITLE>*Travel Service*</TITLE></Seek></AircraftSet></AircraftSets></FlightplanConfiguration>