﻿<?xml version="1.0" encoding="utf-8"?><FlightplanConfiguration version="2.0"><Flightplan fs="FS9"><Airline>Ikar</Airline><FP-Type>COMMERCIAL</FP-Type><Logo>https://dcfo38husa367.cloudfront.net/Resources/Logos/AirlineLogos/KAR_Ikar_Logo2023.png</Logo><Season>Summer 2023</Season><Developer>AIG</Developer><Developer-Logo>https://dcfo38husa367.cloudfront.net/Resources/Logos/AIGlogos/AIG_AIGLogo_Summer2023.png</Developer-Logo><ATC_Airline>IKAR</ATC_Airline><ICAO>KAR</ICAO><IATA>EO</IATA><Author>Andy Carroll</Author><Country>Russia</Country><AIGFPOnly>False</AIGFPOnly></Flightplan><AircraftSets><AircraftSet title="Ikar Boeing 777-200ER - GE Nordwind OC" force-update="False" force-update-seasonchange="False"><AircraftDataSet model="772er-TFS-GE" switchwords="" installTarget="1"><URL>https://library.avsim.net/sendfile.php?Location=AVSIM&amp;Proto=ftp&amp;DLID=178533</URL><Filename>b772er_nordwind_airlines.zip</Filename><Host>AVSIM</Host><Fltsim_File>Add to aircraftcfg.txt</Fltsim_File><Fltsim_Title>Boeing 777-200ER Nordwind Airlines</Fltsim_Title><Fltsim-Entries /><OCI><Files></Files></OCI></AircraftDataSet><Seek><ATC_AIRLINE>IKAR</ATC_AIRLINE><TITLE>*Ikar*</TITLE></Seek></AircraftSet><AircraftSet title="Ikar Boeing 737-900ER WL - Nordwind NC" force-update="False" force-update-seasonchange="False"><AircraftDataSet model="73Jer-FAIB-winglets" switchwords="" installTarget="1"><URL>https://jcai.dk/download/Dennis/FAIB_Boeing%20737-900ER%20WL%20Ikar_FSX.zip</URL><Filename>FAIB_Boeing 737-900ER WL Ikar_FSX.zip</Filename><Host>Dennis Lyng Desezar on JCAI</Host><Fltsim_File>[FltSim.x].txt</Fltsim_File><Fltsim_Title>FAIB Boeing 737-900ER Winglets Ikar lsf Nordwind Airlines</Fltsim_Title><Fltsim-Entries /><OCI><Files></Files></OCI></AircraftDataSet><Seek><ATC_AIRLINE>IKAR</ATC_AIRLINE><TITLE>*Ikar*</TITLE></Seek></AircraftSet><AircraftSet title="Ikar Boeing 737-900ER WL - Pegas Fly" force-update="False" force-update-seasonchange="False"><AircraftDataSet model="73Jer-FAIB-winglets" switchwords="" installTarget="1"><URL>https://jcai.dk/download/Dennis/FAIB_Boeing%20737-900ER%20WL%20Ikar_FSX.zip</URL><Filename>FAIB_Boeing 737-900ER WL Ikar_FSX.zip</Filename><Host>Dennis Lyng Desezar on JCAI</Host><Fltsim_File>[FltSim.x].txt</Fltsim_File><Fltsim_Title>FAIB Boeing 737-900ER Winglets Ikar 'Pegas Fly Hybrid'</Fltsim_Title><Fltsim-Entries /><OCI><Files></Files></OCI></AircraftDataSet><Seek><ATC_AIRLINE>IKAR</ATC_AIRLINE><TITLE>*Ikar*</TITLE></Seek></AircraftSet><AircraftSet title="Ikar Embraer EMB-190 - White" force-update="False" force-update-seasonchange="False"><AircraftDataSet model="E90-AIA" switchwords="" installTarget="1"><URL>https://jcai.dk/download/Dennis/AIA_Embraer_190_Ikar_FSX.zip</URL><Filename>AIA_Embraer_190_Ikar_FSX.zip</Filename><Host>Dennis Lyng Desezar on JCAI</Host><Fltsim_File>[FltSim.x].txt</Fltsim_File><Fltsim_Title>AIA Embraer EMB-190 Ikar 'All white'</Fltsim_Title><Fltsim-Entries /><OCI><Files></Files></OCI></AircraftDataSet><Seek><ATC_AIRLINE>IKAR</ATC_AIRLINE><TITLE>*Ikar*</TITLE></Seek></AircraftSet><AircraftSet title="Ikar Embraer EMB-190" force-update="False" force-update-seasonchange="False"><AircraftDataSet model="E90-AIA" switchwords="" installTarget="1"><URL>https://jcai.dk/download/Dennis/AIA_Embraer_190_Ikar_FSX.zip</URL><Filename>AIA_Embraer_190_Ikar_FSX.zip</Filename><Host>Dennis Lyng Desezar on JCAI</Host><Fltsim_File>[FltSim.x].txt</Fltsim_File><Fltsim_Title>AIA Embraer EMB-190 Ikar</Fltsim_Title><Fltsim-Entries /><OCI><Files></Files></OCI></AircraftDataSet><Seek><ATC_AIRLINE>IKAR</ATC_AIRLINE><TITLE>*Ikar*</TITLE></Seek></AircraftSet></AircraftSets><Groups><Group id="10" name="772- AC#10">RA73272</Group><Group id="20" name="73J- AC#20">RA73343,RA73344</Group><Group id="30" name="E90- AC#30">RA02739,RA02740,RA02743</Group></Groups></FlightplanConfiguration>