﻿<?xml version="1.0" encoding="utf-8"?><FlightplanConfiguration version="2.0"><Flightplan fs="FSX"><Airline>Directflight</Airline><FP-Type>COMMERCIAL</FP-Type><Logo>https://dcfo38husa367.cloudfront.net/Resources/Logos/AirlineLogos/DCT_Directflight_Logo.png</Logo><Season>Winter 2022-2023</Season><Developer>AIG</Developer><Developer-Logo>https://dcfo38husa367.cloudfront.net/Resources/Logos/AIGlogos/AIG_AIGLogo_Winter2022-2023.png</Developer-Logo><ATC_Airline>AIRTASK</ATC_Airline><ICAO>DCT</ICAO><IATA /><Author>Wolfgang Maier</Author><Country>United Kingdom</Country><AIGFPOnly>False</AIGFPOnly></Flightplan><AircraftSets><AircraftSet title="Directflight Britten-Norman BN-2 Islander - Shetland" force-update="False" force-update-seasonchange="False"><AircraftDataSet model="BNI-HTAI-longnose" switchwords="" installTarget="1"><URL>https://library.avsim.net/sendfile.php?Location=AVSIMONLY&amp;Proto=ftp&amp;DLID=145526</URL><Filename>htai_bn2_islander_shetland_fsx.zip</Filename><Host>AVSIM</Host><Fltsim_File>readme.txt</Fltsim_File><Fltsim_Title>AI Britten-Norman Shetland G-SICA</Fltsim_Title><Fltsim-Entries /><OCI><Files></Files></OCI></AircraftDataSet><Seek><ATC_AIRLINE>AIRTASK</ATC_AIRLINE><TITLE>*Directflight*</TITLE></Seek></AircraftSet></AircraftSets><Groups><Group id="10" name="BNI- AC#10">G-SICA</Group></Groups></FlightplanConfiguration>