﻿<?xml version="1.0" encoding="utf-8"?><FlightplanConfiguration version="2.0"><Flightplan fs="FS9"><Airline>Air Atlanta Icelandic</Airline><FP-Type>CARGO</FP-Type><Logo>http://www.alpha-india.net/aigfiles/files/Resources/Logos/AirlineLogos/ABD_MagmaAviation_Logo.png</Logo><Season>Winter 2019-2020</Season><Developer>AIG</Developer><Developer-Logo>http://www.alpha-india.net/aigfiles/files/Resources/Logos/AIGlogos/AIG_AIGLogo_Winter2019-2020.png</Developer-Logo><ATC_Airline>ATLANTA</ATC_Airline><ICAO>ABD</ICAO><IATA>CC</IATA><Author>Florian Wilmer</Author><Country>Iceland</Country></Flightplan><AircraftSets><AircraftSet title="Air Atlanta Icelandic Boeing 747-400 - GE BCF opf Magma Aviation" force-update="False" force-update-seasonchange="False"><AircraftDataSet model="744-FAIB-GE"><URL>https://jcai.dk/wpdm-package/air-atlanta-icelandic-boeing-747-400bcf-opf-magma-aviation-fsx-p3d/?wpdmdl=7077&amp;refresh=5df7588961ee01576491145</URL><Filename>FAIB_Boeing_B747-400BCF_Air_Atlanta_ Icelandic_opf_ Magma_Aviation_FSX.zip</Filename><Host>JCAI</Host><Fltsim_File>[FltSim.x].txt</Fltsim_File><Fltsim_Title>FAIB Boeing 747-400BCF Air Atlanta Icelandic opf Magma Aviation</Fltsim_Title><Fltsim-Entries /><OCI><Files></Files></OCI></AircraftDataSet><Seek><ATC_AIRLINE>ATLANTA</ATC_AIRLINE><TITLE>*Air Atlanta Icelandic*</TITLE></Seek></AircraftSet><AircraftSet title="Air Atlanta Icelandic Boeing 747-400 - GE BDSF opf Magma Aviation TF-AMN" force-update="False" force-update-seasonchange="False"><AircraftDataSet model="744-FAIB-GE"><URL>https://jcai.dk/wpdm-package/air-atlanta-icelandic-boeing-747-400bcf-opf-magma-aviation-fsx-p3d/?wpdmdl=7077&amp;refresh=5df7588961ee01576491145</URL><Filename>FAIB_Boeing_B747-400BCF_Air_Atlanta_ Icelandic_opf_ Magma_Aviation_FSX.zip</Filename><Host>JCAI</Host><Fltsim_File>[FltSim.x].txt</Fltsim_File><Fltsim_Title>FAIB Boeing 747-400BDSF Air Atlanta Icelandic opf Magma Aviation 'Senator Intl sticker'</Fltsim_Title><Fltsim-Entries /><OCI><Files></Files></OCI></AircraftDataSet><Seek><ATC_AIRLINE>ATLANTA</ATC_AIRLINE><TITLE>*Air Atlanta Icelandic*</TITLE></Seek></AircraftSet><AircraftSet title="Air Atlanta Icelandic Boeing 747-400 - GE BDSF opf Magma Aviation TF-AMR" force-update="False" force-update-seasonchange="False"><AircraftDataSet model="744-FAIB-GE"><URL>https://jcai.dk/wpdm-package/air-atlanta-icelandic-boeing-747-400bcf-opf-magma-aviation-fsx-p3d/?wpdmdl=7077&amp;refresh=5df7588961ee01576491145</URL><Filename>FAIB_Boeing_B747-400BCF_Air_Atlanta_ Icelandic_opf_ Magma_Aviation_FSX.zip</Filename><Host>JCAI</Host><Fltsim_File>[FltSim.x].txt</Fltsim_File><Fltsim_Title>FAIB Boeing 747-400BDSF Air Atlanta Icelandic opf Magma Aviation</Fltsim_Title><Fltsim-Entries /><OCI><Files></Files></OCI></AircraftDataSet><Seek><ATC_AIRLINE>ATLANTA</ATC_AIRLINE><TITLE>*Air Atlanta Icelandic*</TITLE></Seek></AircraftSet><AircraftSet title="Air Atlanta Icelandic Boeing 747-400 - PW BDSF opf Magma Aviation" force-update="False" force-update-seasonchange="False"><AircraftDataSet model="744-FAIB-PW"><URL>https://jcai.dk/wpdm-package/air-atlanta-icelandic-boeing-747-400bdsf-pw-opf-magma-aviation-fsx-p3d/?wpdmdl=11270&amp;refresh=5df757bb82a851576490939</URL><Filename>FAIB_Boeing_B747-400BDSF_Air_Atlanta_ Icelandic_opf_ Magma_Aviation_FSX.zip</Filename><Host>JCAI</Host><Fltsim_File>[FltSim.x].txt</Fltsim_File><Fltsim_Title>FAIB Boeing 747-400BDSF Air Atlanta Icelandic opf Magma Aviation 'Senator Intl sticker'</Fltsim_Title><Fltsim-Entries /><OCI><Files></Files></OCI></AircraftDataSet><Seek><ATC_AIRLINE>ATLANTA</ATC_AIRLINE><TITLE>*Air Atlanta Icelandic*</TITLE></Seek></AircraftSet></AircraftSets><Groups><Group id="10" name="744- AC#10">TF-AMP</Group><Group id="13" name="744- AC#13">TF-AMI,TF-AMN,TF-AMR</Group></Groups></FlightplanConfiguration>