﻿<?xml version="1.0" encoding="utf-8"?><FlightplanConfiguration version="2.0"><Flightplan fs="FS9"><Airline>Jetcraft Aviation</Airline><Logo>https://c2.staticflickr.com/8/7836/31917559307_60cd13b6d7_o.png</Logo><Season>Winter 2018-2019</Season><Developer>KPK</Developer><Developer-Logo></Developer-Logo><ATC_Airline>TOLL EXPRESS</ATC_Airline><ICAO>TFX</ICAO><Author>Kai P. Kamjunke</Author><Country>Australia</Country></Flightplan><AircraftSets><AircraftSet title="Jetcraft Aviation ATR 42-300F - opf Toll Aviaion" force-update="False"><AircraftDataSet model="AT4-OSP-300F"><URL>https://dfs2.flightsim.com/download.php?fn=ai_toll_atr42.zip</URL><Filename>ai_toll_atr42.zip</Filename><Host>FLTSIM</Host><Fltsim_File>[fltsim.x].txt</Fltsim_File><Fltsim_Title>OSP ATR 42-300 Toll Priority</Fltsim_Title><Fltsim-Entries><ATC_AIRLINE>TOLL EXPRESS</ATC_AIRLINE><ATC_PARKING_CODES>TFX</ATC_PARKING_CODES></Fltsim-Entries><OCI><Files></Files></OCI></AircraftDataSet><Seek><ATC_AIRLINE>TOLL EXPRESS</ATC_AIRLINE><TITLE>*Jetcraft Aviation*</TITLE></Seek></AircraftSet><AircraftSet title="Jetcraft Aviation Swearingen Metro 23 - opf Toll Aviaion 'VH-HPE'" force-update="False"><AircraftDataSet model="Metro23-DJC-4blade"><URL>https://dfs2.flightsim.com/download.php?fn=ai_toll_metropack_v2.zip</URL><Filename>ai_toll_metropack_v2.zip</Filename><Host>FLTSIM</Host><Fltsim_File>[fltsim.x].txt</Fltsim_File><Fltsim_Title>DJC AI Metro IV Toll Priority VH-HPE</Fltsim_Title><Fltsim-Entries><ATC_AIRLINE>TOLL EXPRESS</ATC_AIRLINE><ATC_PARKING_CODES>TFX</ATC_PARKING_CODES></Fltsim-Entries><OCI><Files></Files></OCI></AircraftDataSet><Seek><ATC_AIRLINE>TOLL EXPRESS</ATC_AIRLINE><TITLE>*Jetcraft Aviation*</TITLE></Seek></AircraftSet><AircraftSet title="Jetcraft Aviation Swearingen Metro 23 - opf Toll Aviaion 'VH-UZN'" force-update="False"><AircraftDataSet model="Metro23-DJC-4blade"><URL>https://dfs2.flightsim.com/download.php?fn=ai_toll_metropack_v2.zip</URL><Filename>ai_toll_metropack_v2.zip</Filename><Host>FLTSIM</Host><Fltsim_File>[fltsim.x].txt</Fltsim_File><Fltsim_Title>DJC AI Metro IV Toll Priority VH-UZN 'The Australian'</Fltsim_Title><Fltsim-Entries><ATC_AIRLINE>TOLL EXPRESS</ATC_AIRLINE><ATC_PARKING_CODES>TFX</ATC_PARKING_CODES></Fltsim-Entries><OCI><Files></Files></OCI></AircraftDataSet><Seek><ATC_AIRLINE>TOLL EXPRESS</ATC_AIRLINE><TITLE>*Jetcraft Aviation*</TITLE></Seek></AircraftSet></AircraftSets></FlightplanConfiguration>