﻿<?xml version="1.0" encoding="utf-8"?><FlightplanConfiguration version="2.0"><Flightplan fs="FS9"><Airline>La Compagnie</Airline><FP-Type>COMMERCIAL</FP-Type><Logo>http://www.alpha-india.net/aigfiles/files/Resources/Logos/AirlineLogos/DJT_LaCompagnie_Logo.png</Logo><Season>Summer 2019</Season><Developer>AIG</Developer><Developer-Logo>http://www.alpha-india.net/aigfiles/files/Resources/Logos/AIGlogos/AIG_AIGLogo_Summer2019.png</Developer-Logo><ATC_Airline>DREAMJET</ATC_Airline><ICAO>DJT</ICAO><IATA>B0</IATA><Author>Wolfgang Maier</Author><Country>France</Country></Flightplan><AircraftSets><AircraftSet title="La Compagnie Boeing 757-200WL - 1-1-1-1" force-update="False"><AircraftDataSet model="75W-AIG-RR_WL"><URL>https://www.juergenbaumbusch.de/paints/La%20Compagnie/ai752djt.zip</URL><Filename>ai752djt.zip</Filename><Host>JB</Host><Fltsim_File>[fltsim.x].txt</Fltsim_File><Fltsim_Title>La Compagnie Boeing 757-200WL - 1-1-1-1</Fltsim_Title><Fltsim-Entries /><OCI><Files></Files></OCI></AircraftDataSet><Seek><ATC_AIRLINE>DREAMJET</ATC_AIRLINE><TITLE>*La Compagnie*</TITLE></Seek></AircraftSet><AircraftSet title="La Compagnie Airbus A321-200neo LR" force-update="False"><AircraftDataSet temp="True" model="A21NLR-FAIB-CFML_S"><URL>https://drive.google.com/file/d/1Cua15j165IeRJ-ZCCy0kNerOena_kg2g/view</URL><Filename>FAIB_A21N_DJT_FSXP3D.zip</Filename><Host>GOOGLE</Host><Fltsim_File>fltsim.txt</Fltsim_File><Fltsim_Title>FAIB A21N CFML La Compagnie 'F-HNCO'</Fltsim_Title><Fltsim-Entries /><OCI><Files></Files></OCI></AircraftDataSet><Seek><ATC_AIRLINE>DREAMJET</ATC_AIRLINE><TITLE>*La Compagnie*</TITLE></Seek></AircraftSet><AircraftSet title="La Compagnie Airbus A321-200neo LR - A321neo the plane to be" force-update="False"><AircraftDataSet temp="True" model="A21NLR-FAIB-CFML_S"><URL>https://drive.google.com/file/d/1Cua15j165IeRJ-ZCCy0kNerOena_kg2g/view</URL><Filename>FAIB_A21N_DJT_FSXP3D.zip</Filename><Host>GOOGLE</Host><Fltsim_File>fltsim.txt</Fltsim_File><Fltsim_Title>FAIB A21N CFML La Compagnie 'F-HBUZ'</Fltsim_Title><Fltsim-Entries /><OCI><Files></Files></OCI></AircraftDataSet><Seek><ATC_AIRLINE>DREAMJET</ATC_AIRLINE><TITLE>*La Compagnie*</TITLE></Seek></AircraftSet></AircraftSets></FlightplanConfiguration>