﻿<?xml version="1.0" encoding="utf-8"?><FlightplanConfiguration version="2.0"><Flightplan fs="FS9"><Airline>Rossiya Airlines</Airline><FP-Type>COMMERCIAL</FP-Type><Logo>http://www.alpha-india.net/aigfiles/files/Resources/Logos/AirlineLogos/SDM_RossiyaAirlines_Logo.png</Logo><Season>Summer 2018</Season><Developer>AIG</Developer><Developer-Logo>http://www.alpha-india.net/aigfiles/files/Resources/Logos/AIGlogos/AIG_AIGLogo_Summer2018.png</Developer-Logo><ATC_Airline>ROSSIYA</ATC_Airline><ICAO>SDM</ICAO><IATA>FV</IATA><Author>Christian Hruschka</Author><Country>Russia</Country></Flightplan><AircraftSets><AircraftSet title="Rossiya Airlines Boeing 747-400" force-update="False" force-update-seasonchange="False"><AircraftDataSet model="744-FAIB-GE"><URL>http://unitedtrafficteam.com/files/UTT_FAIB_B747-400_Rossiya_Airlines_EI-XLE_FSX.zip</URL><Filename>UTT_FAIB_B747-400_Rossiya_Airlines_EI-XLE_FSX.zip</Filename><Host>UTT</Host><Fltsim_File>fltsim.txt</Fltsim_File><Fltsim_Title>FAIB 747-400 Rossiya Airlines EI-XLE</Fltsim_Title><Fltsim-Entries /><OCI><Files></Files></OCI></AircraftDataSet><Seek><ATC_AIRLINE>ROSSIYA</ATC_AIRLINE><TITLE>*Rossiya Airlines*</TITLE></Seek></AircraftSet><AircraftSet title="Rossiya Airlines Boeing 747-400 - WiFi Dome" force-update="False" force-update-seasonchange="False"><AircraftDataSet replacement="True" replacement-title="Rossiya Airlines Boeing 747-400" model="744-FAIB-GE" /><Seek><ATC_AIRLINE>ROSSIYA</ATC_AIRLINE><TITLE>*Rossiya Airlines*</TITLE></Seek></AircraftSet><AircraftSet title="Rossiya Airlines Boeing 747-400 - Tigers together" force-update="False" force-update-seasonchange="False"><AircraftDataSet model="744-FAIB-GE"><URL>http://unitedtrafficteam.com/files/UTT_FAIB_B747-400_Rossiya_Airlines_EI-XLD_FSX.zip</URL><Filename>UTT_FAIB_B747-400_Rossiya_Airlines_EI-XLD_FSX.zip</Filename><Host>UTT</Host><Fltsim_File>fltsim.txt</Fltsim_File><Fltsim_Title>FAIB 747-400 Rossiya Airlines EI-XLD "Caring for Tigers together cs"</Fltsim_Title><Fltsim-Entries /><OCI><Files></Files></OCI></AircraftDataSet><Seek><ATC_AIRLINE>ROSSIYA</ATC_AIRLINE><TITLE>*Rossiya Airlines*</TITLE></Seek></AircraftSet><AircraftSet title="Rossiya Airlines Boeing 747-400 - PW WiFi Dome" force-update="False" force-update-seasonchange="False"><AircraftDataSet replacement="True" replacement-title="Rossiya Airlines Boeing 747-400" model="744-FAIB-GE" /><Seek><ATC_AIRLINE>ROSSIYA</ATC_AIRLINE><TITLE>*Rossiya Airlines*</TITLE></Seek></AircraftSet><AircraftSet title="Rossiya Airlines Boeing 777-300ER" force-update="True" force-update-seasonchange="False"><AircraftDataSet model="77W-FSP"><URL>https://atcorepaints.files.wordpress.com/2020/01/fsp_77w_sdm-1.zip</URL><Filename>fsp_77w_sdm-1.zip</Filename><Host>ATCO</Host><Fltsim_File>Readme and Fltsim.txt</Fltsim_File><Fltsim_Title>FSP Boeing 777-300ER Rossiya</Fltsim_Title><Fltsim-Entries /><OCI><Files></Files></OCI></AircraftDataSet><AircraftDataSet temp="True" model="77W-TFS-satcomm"><URL>http://www.avsimrus.com/f/fs2004-ai-traffic-aircrafts-48/boeing-777-300er-rossiya-62340/download</URL><Filename>62340-777-ER-SDM.zip</Filename><Host>AVRUS</Host><Fltsim_File>Aircraft.txt</Fltsim_File><Fltsim_Title>TFS Boeing 777-300 ER Rossiya EI-GES</Fltsim_Title><Fltsim-Entries /><OCI><Files></Files></OCI></AircraftDataSet><Seek><ATC_AIRLINE>ROSSIYA</ATC_AIRLINE><TITLE>*Rossiya Airlines*</TITLE></Seek></AircraftSet><AircraftSet title="Rossiya Airlines Boeing 777-300" force-update="True" force-update-seasonchange="False"><AircraftDataSet model="773-FSP-RR"><URL>https://atcorepaints.files.wordpress.com/2020/01/fsp_773_sdm_fleet.zip</URL><Filename>fsp_773_sdm_fleet.zip</Filename><Host>ATCO</Host><Fltsim_File>Readme and Fltsim.txt</Fltsim_File><Fltsim_Title>FSP Boeing 777-300 RR Rossiya Airlines</Fltsim_Title><Fltsim-Entries /><OCI><Files></Files></OCI></AircraftDataSet><AircraftDataSet temp="True" model="773-TFS-RR"><URL>http://unitedtrafficteam.com/files/UTT_TFS_B777-300_Rossiya_Airlines_EI-UNL_FSX.zip</URL><Filename>UTT_TFS_B777-300_Rossiya_Airlines_EI-UNL_FSX.zip</Filename><Host>UTT</Host><Fltsim_File>fltsim.txt</Fltsim_File><Fltsim_Title>TFS B773 Rossiya Airlines EI-UNL</Fltsim_Title><Fltsim-Entries /><OCI><Files></Files></OCI></AircraftDataSet><Seek><ATC_AIRLINE>ROSSIYA</ATC_AIRLINE><TITLE>*Rossiya Airlines*</TITLE></Seek></AircraftSet><AircraftSet title="Rossiya Airlines Boeing 777-300 - Far Eastern Leopard" force-update="True" force-update-seasonchange="False"><AircraftDataSet model="773-FSP-RR"><URL>https://atcorepaints.files.wordpress.com/2020/01/fsp_773_sdm_fleet.zip</URL><Filename>fsp_773_sdm_fleet.zip</Filename><Host>ATCO</Host><Fltsim_File>Readme and Fltsim.txt</Fltsim_File><Fltsim_Title>FSP Boeing 777-300 RR Rossiya Airlines - Far Eastern Leopards</Fltsim_Title><Fltsim-Entries /><OCI><Files></Files></OCI></AircraftDataSet><AircraftDataSet temp="True" model="773-TFS-RR"><URL>http://www.avsimrus.com/f/fs2004-ai-traffic-aircrafts-48/ai-boeing-777-300rr-tfs-rossiya-airlines-ei-unp-ussuriysk-aka-leolet-61286/download</URL><Filename>61286-LEOLET.zip</Filename><Host>AVRUS</Host><Fltsim_File>Read me.txt</Fltsim_File><Fltsim_Title>Rossiya_Leolet Boeing 777-300</Fltsim_Title><Fltsim-Entries /><OCI><Files></Files></OCI></AircraftDataSet><Seek><ATC_AIRLINE>ROSSIYA</ATC_AIRLINE><TITLE>*Rossiya Airlines*</TITLE></Seek></AircraftSet><AircraftSet title="Rossiya Airlines Boeing 737-800WL" force-update="False" force-update-seasonchange="False"><AircraftDataSet model="73H-FAIB-winglets"><URL>http://unitedtrafficteam.com/files/UTT_FAIB_B378w_Rossiya_VQ-BPX_FSX.zip</URL><Filename>UTT_FAIB_B378w_Rossiya_VQ-BPX_FSX.zip</Filename><Host>UTT</Host><Fltsim_File>New Text Document.txt</Fltsim_File><Fltsim_Title>Boeing 737-800 Rossiya VQ-BPX</Fltsim_Title><Fltsim-Entries /><OCI><Files></Files></OCI></AircraftDataSet><Seek><ATC_AIRLINE>ROSSIYA</ATC_AIRLINE><TITLE>*Rossiya Airlines*</TITLE></Seek></AircraftSet><AircraftSet title="Rossiya Airlines Boeing 737-800WL - SN" force-update="False" force-update-seasonchange="False"><AircraftDataSet temp="True" model="73H-FAIB-winglets_SN"><URL>http://unitedtrafficteam.com/files/UTT_FAIB_B378w_Rossiya_VQ-BPX_FSX.zip</URL><Filename>UTT_FAIB_B378w_Rossiya_VQ-BPX_FSX.zip</Filename><Host>UTT</Host><Fltsim_File>New Text Document.txt</Fltsim_File><Fltsim_Title>Boeing 737-800 Rossiya VQ-BPX</Fltsim_Title><Fltsim-Entries /><OCI><Files></Files></OCI></AircraftDataSet><Seek><ATC_AIRLINE>ROSSIYA</ATC_AIRLINE><TITLE>*Rossiya Airlines*</TITLE></Seek></AircraftSet><AircraftSet title="Rossiya Airlines Boeing 737-800WL - SN WiFi Dome" force-update="False" force-update-seasonchange="False"><AircraftDataSet replacement="True" replacement-title="Rossiya Airlines Boeing 737-800WL - SN" model="73H-FAIB-winglets_SN" /><Seek><ATC_AIRLINE>ROSSIYA</ATC_AIRLINE><TITLE>*Rossiya Airlines*</TITLE></Seek></AircraftSet><AircraftSet title="Rossiya Airlines Airbus A320-200" force-update="False" force-update-seasonchange="False"><AircraftDataSet model="320-FAIB-CFM"><URL>http://unitedtrafficteam.com/files/UTT_FAIB_A320_Rossiya_VQ-BFM_FSX.zip</URL><Filename>UTT_FAIB_A320_Rossiya_VQ-BFM_FSX.zip</Filename><Host>UTT</Host><Fltsim_File>fltsim.txt</Fltsim_File><Fltsim_Title>FAIB Airbus A320 Rossiya VQ-BFM</Fltsim_Title><Fltsim-Entries /><OCI><Files></Files></OCI></AircraftDataSet><Seek><ATC_AIRLINE>ROSSIYA</ATC_AIRLINE><TITLE>*Rossiya Airlines*</TITLE></Seek></AircraftSet><AircraftSet title="Rossiya Airlines Airbus A319-100" force-update="False" force-update-seasonchange="False"><AircraftDataSet model="319-FAIB-CFM"><URL>http://unitedtrafficteam.com/files/UTT_FAIB_A319_Rossiya_VQ-BCO_FSX.zip</URL><Filename>UTT_FAIB_A319_Rossiya_VQ-BCO_FSX.zip</Filename><Host>UTT</Host><Fltsim_File>fltsim.txt</Fltsim_File><Fltsim_Title>FAIB Airbus A319 Rossiya Russian Airlines VQ-BCO</Fltsim_Title><Fltsim-Entries /><OCI><Files></Files></OCI></AircraftDataSet><Seek><ATC_AIRLINE>ROSSIYA</ATC_AIRLINE><TITLE>*Rossiya Airlines*</TITLE></Seek></AircraftSet><AircraftSet title="Rossiya Airlines Airbus A319-100 - Zenit St. Petersburg" force-update="False" force-update-seasonchange="False"><AircraftDataSet model="319-FAIB-CFM"><URL>http://unitedtrafficteam.com/files/UTT_FAIB_A319_Rossiya_VQ-BAS_FSX.zip</URL><Filename>UTT_FAIB_A319_Rossiya_VQ-BAS_FSX.zip</Filename><Host>UTT</Host><Fltsim_File>fltsim.txt</Fltsim_File><Fltsim_Title>FAIB Airbus A319 Rossiya Russian Airlines VQ-BAS (Zenith logojet)</Fltsim_Title><Fltsim-Entries /><OCI><Files></Files></OCI></AircraftDataSet><Seek><ATC_AIRLINE>ROSSIYA</ATC_AIRLINE><TITLE>*Rossiya Airlines*</TITLE></Seek></AircraftSet><AircraftSet title="Rossiya Airlines Airbus A319-100 - Sports" force-update="False" force-update-seasonchange="False"><AircraftDataSet temp="True" model="319-FAIB-CFM"><URL>http://www.avsimrus.com/f/fs2004-ai-traffic-aircrafts-48/faib-a319-rossiya-vq-bcp-62341/download</URL><Filename>62341-319-SDM-SPORT.zip</Filename><Host>AVRUS</Host><Fltsim_File>Aircraft.txt</Fltsim_File><Fltsim_Title>FAIB Airbus A319-100 CFM Rossiya VQ-BCP</Fltsim_Title><Fltsim-Entries /><OCI><Files></Files></OCI></AircraftDataSet><Seek><ATC_AIRLINE>ROSSIYA</ATC_AIRLINE><TITLE>*Rossiya Airlines*</TITLE></Seek></AircraftSet></AircraftSets><Groups><Group id="10" name="744- AC#10">EI-XLC,EI-XLF,EI-XLG,EI-XLH,EI-XLI</Group><Group id="11" name="744- AC#11">EI-XLJ</Group><Group id="12" name="744- AC#12">EI-XLD</Group><Group id="15" name="744- AC#15">EI-XLM</Group><Group id="20" name="77W- AC#20">EI-GES,EI-GET,EI-GEU</Group><Group id="30" name="773- AC#30">EI-UNM,EI-UNN,EI-XLP</Group><Group id="31" name="773- AC#31">EI-UNP</Group><Group id="40" name="73H- AC#40">VQ-BPX,VQ-BSS,VQ-BUE,VQ-BUF</Group><Group id="45" name="73H- AC#45">VP-BGQ,VP-BGR,VP-BOA,VP-BOB,VP-BOD,VP-BOH,VP-BOI,VQ-BVU,VQ-BVV,VQ-BWJ</Group><Group id="46" name="73H- AC#46">VP-BUS</Group><Group id="50" name="320- AC#50">VP-BWH,VP-BWI,VP-BZR,VQ-BCG,VQ-BFM</Group><Group id="60" name="319- AC#60">EI-EYL,EI-EYM,EI-EZC,EI-EZD,VP-BBT,VP-BBU,VP-BIQ,VP-BIS,VP-BIU,VP-BIV,VP-BNJ,VP-BNN,VP-BQK,VP-BWG,VP-BWJ,VQ-BAQ,VQ-BAR,VQ-BAU,VQ-BAV,VQ-BBA,VQ-BCO</Group><Group id="61" name="319- AC#61">VQ-BAS</Group><Group id="62" name="319- AC#62">VQ-BCP</Group></Groups></FlightplanConfiguration>