﻿<?xml version="1.0" encoding="utf-8"?><FlightplanConfiguration version="1.0"><Flightplan fs="FS9"><Airline>Japan Air Commuter</Airline><Logo>https://c1.staticflickr.com/1/900/27522343648_97e04cb961_o.png</Logo><Season>Summer 2018</Season><Version>2</Version><Developer>AIG</Developer><Developer-Logo>https://c2.staticflickr.com/2/1819/43145454615_bf60bd2f4e_o.png</Developer-Logo><ATC_Airline>COMMUTER</ATC_Airline><ICAO>JAC</ICAO><Author>Christian Hruschka</Author><Country>Japan</Country></Flightplan><Repaints><Repaint title="Japan Air Commuter Bombardier Dash 8-Q400" oci="False" model="DH4-TFS"><URL>https://fsai-repaints.com/download/japan-air-commuter-dash-8-400q/?wpdmdl=243</URL><Filename>Japan Air Commuter TFS Dash 8-400.zip</Filename><Host>FSAI</Host><Fltsim_File>fltsim.txt</Fltsim_File><Fltsim_Title>TFS Dash 8-400 JAC Japan Air Commuter</Fltsim_Title><Seek><ATC_AIRLINE>COMMUTER</ATC_AIRLINE><TITLE>*Japan Air Commuter*</TITLE></Seek><Fltsim-Entries /><OCI><Files></Files></OCI></Repaint><Repaint title="Japan Air Commuter Bombardier Dash 8-Q400 - Kagoshima United FC" oci="False" model="DH4-TFS"><URL>https://fsai-repaints.com/download/japan-air-commuter-dash-8-400q/?wpdmdl=243</URL><Filename>Japan Air Commuter TFS Dash 8-400.zip</Filename><Host>FSAI</Host><Fltsim_File>fltsim.txt</Fltsim_File><Fltsim_Title>TFS Dash 8-400 JAC Japan Air Commuter Kagoshima United FC Logo</Fltsim_Title><Seek><ATC_AIRLINE>COMMUTER</ATC_AIRLINE><TITLE>*Japan Air Commuter*</TITLE></Seek><Fltsim-Entries /><OCI><Files></Files></OCI></Repaint><Repaint title="Japan Air Commuter ATR 42-600" oci="False" model="AT4-OSP-600"><URL>https://fsai-repaints.com/download/japan-air-commuter-atr42-600/?wpdmdl=233</URL><Filename>Japan Air Commuter OSP ATR 42-600.zip</Filename><Host>FSAI</Host><Fltsim_File>fltsim.txt</Fltsim_File><Fltsim_Title>OPS ATR 42-600 JAC Japan Air Commuter</Fltsim_Title><Seek><ATC_AIRLINE>COMMUTER</ATC_AIRLINE><TITLE>*Japan Air Commuter*</TITLE></Seek><Fltsim-Entries /><OCI><Files></Files></OCI></Repaint><Repaint title="Japan Air Commuter ATR 42-600 - Flowers" oci="False" model="AT4-OSP-600"><URL>https://fsai-repaints.com/download/japan-air-commuter-atr42-600/?wpdmdl=233</URL><Filename>Japan Air Commuter OSP ATR 42-600.zip</Filename><Host>FSAI</Host><Fltsim_File>fltsim.txt</Fltsim_File><Fltsim_Title>OPS ATR 42-600 JAC Japan Air Commuter Flowers</Fltsim_Title><Seek><ATC_AIRLINE>COMMUTER</ATC_AIRLINE><TITLE>*Japan Air Commuter*</TITLE></Seek><Fltsim-Entries /><OCI><Files></Files></OCI></Repaint><Repaint title="Japan Air Commuter ATR 42-600 - Tajima" oci="False" model="AT4-OSP-600"><URL>https://fsai-repaints.com/download/japan-air-commuter-atr-42-600/?wpdmdl=717</URL><Filename>osp_atr_42_500_jac_ja05c.zip</Filename><Host>FSAI</Host><Fltsim_File>fltsim.txt</Fltsim_File><Fltsim_Title>OPS ATR 42-600 JAC Japan Air Commuter Tajima</Fltsim_Title><Seek><ATC_AIRLINE>COMMUTER</ATC_AIRLINE><TITLE>*Japan Air Commuter*</TITLE></Seek><Fltsim-Entries /><OCI><Files></Files></OCI></Repaint><Repaint title="Japan Air Commuter Saab 340B" oci="False" model="SF3-TFS"><URL>https://fsai-repaints.com/download/japan-air-commuter-saab-340/?wpdmdl=207</URL><Filename>Japan Air Commuter TFS Saab 340.zip</Filename><Host>FSAI</Host><Fltsim_File>fltsim.txt</Fltsim_File><Fltsim_Title>TFS Saab 340 JAC Japan Air Commuter</Fltsim_Title><Seek><ATC_AIRLINE>COMMUTER</ATC_AIRLINE><TITLE>*Japan Air Commuter*</TITLE></Seek><Fltsim-Entries /><OCI><Files></Files></OCI></Repaint><Repaint title="Japan Air Commuter Saab 340B - Kagoshima United FC" oci="False" model="SF3-TFS"><URL>https://fsai-repaints.com/download/japan-air-commuter-saab-340/?wpdmdl=207</URL><Filename>Japan Air Commuter TFS Saab 340.zip</Filename><Host>FSAI</Host><Fltsim_File>fltsim.txt</Fltsim_File><Fltsim_Title>TFS Saab 340 JAC Japan Air Commuter Kagoshima United FC Logo</Fltsim_Title><Seek><ATC_AIRLINE>COMMUTER</ATC_AIRLINE><TITLE>*Japan Air Commuter*</TITLE></Seek><Fltsim-Entries /><OCI><Files></Files></OCI></Repaint><Repaint title="Japan Air Commuter Saab 340B - OC" oci="False" model="SF3-TFS"><URL>https://dfs2.flightsim.com/download.php?fn=aisf3jac.zip</URL><Filename>aisf3jac.zip</Filename><Host>FLTSIM</Host><Fltsim_File>[fltsim.x]_JAC.txt</Fltsim_File><Fltsim_Title>TFS Saab 340 Japan Air Commuter</Fltsim_Title><Seek><ATC_AIRLINE>COMMUTER</ATC_AIRLINE><TITLE>*Japan Air Commuter*</TITLE></Seek><Fltsim-Entries /><OCI><Files></Files></OCI></Repaint></Repaints><Groups><Group id="11" name="DH4- AC#11">JA841C,JA844C,JA850C,JA851C</Group><Group id="21" name="AT6- AC#21">JA01JC,JA04JC,JA05JC</Group><Group id="30" name="SF3- AC#30">JA001C,JA8594,JA8642,JA8703,JA8888,JA8900</Group></Groups></FlightplanConfiguration>